major_code,subject_code
8420201,AS5113
8420201,CH5661
8420201,CH5663
8420201,CH5665
8420201,CH5667
8420201,CH5669
8420201,CH5671
8420201,CH5677
8420201,CH5679
8420201,CH5719
8420201,CH5721
8420201,CH5723
8420201,CH5725
8420201,CH5727
8420201,CH5729
8420201,CH5731
8420201,CH5733
8420201,CH5735
8420201,CH5737
8420201,CH5739
8420201,CH5741
8420201,CH5743
8420201,GK5009
8420201,GK5011
8420201,GK5021
8420201,GK5023
8420201,GK5025
8420201,GK5033
8420201,GK5035
8420201,GK5037
8420201,GK5039
8420201,GK5041
8420201,GK5043
8420201,GK5045
8420201,GK5047
8420201,GK5049
8420201,TH5929
8540101,AS5113
8540101,CH5309
8540101,CH5313
8540101,CH5319
8540101,CH5407
8540101,CH5409
8540101,CH5477
8540101,CH5479
8540101,CH5485
8540101,CH5505
8540101,CH5507
8540101,CH5509
8540101,CH5595
8540101,CH5673
8540101,CH5675
8540101,CH5683
8540101,CH5685
8540101,CH5687
8540101,CH5693
8540101,CH5745
8540101,CH5747
8540101,CH5749
8540101,CH5751
8540101,CH5753
8540101,CH5755
8540101,CH5757
8540101,CH5759
8540101,CH5761
8540101,CH5763
8540101,CH5765
8540101,CH5767
8540101,GK5009
8540101,GK5011
8540101,GK5021
8540101,GK5023
8540101,GK5025
8540101,GK5033
8540101,GK5035
8540101,GK5037
8540101,GK5039
8540101,GK5041
8540101,GK5043
8540101,GK5045
8540101,GK5047
8540101,GK5049
8540101,TH5929
8540204,AS5113
8540204,GK5009
8540204,GK5011
8540204,GK5021
8540204,GK5023
8540204,GK5025
8540204,GK5033
8540204,GK5035
8540204,GK5037
8540204,GK5039
8540204,GK5041
8540204,GK5043
8540204,GK5045
8540204,GK5047
8540204,GK5049
8540204,ME5151
8540204,ME5155
8540204,ME5159
8540204,ME5161
8540204,ME5167
8540204,ME5169
8540204,ME5175
8540204,ME5177
8540204,ME5203
8540204,ME5205
8540204,ME5231
8540204,ME5233
8540204,ME5235
8540204,ME5237
8540204,ME5249
8540204,ME5273
8540204,ME5275
8540204,ME5277
8540204,TH5929
8520101,AS5027
8520101,AS5029
8520101,AS5031
8520101,AS5033
8520101,AS5035
8520101,AS5039
8520101,AS5041
8520101,AS5043
8520101,AS5045
8520101,AS5047
8520101,AS5049
8520101,AS5107
8520101,AS5109
8520101,AS5113
8520101,AS5143
8520101,AS5155
8520101,AS5237
8520101,AS5239
8520101,AS5251
8520101,AS5255
8520101,AS5257
8520101,AS5273
8520101,AS5275
8520101,AS5311
8520101,GK5009
8520101,GK5011
8520101,GK5021
8520101,GK5023
8520101,GK5025
8520101,GK5033
8520101,GK5035
8520101,GK5037
8520101,GK5039
8520101,GK5041
8520101,GK5043
8520101,GK5045
8520101,GK5047
8520101,GK5049
8520101,TH5929
8340405,AS5113
8340405,CO5101
8340405,CO5103
8340405,CO5105
8340405,CO5111
8340405,CO5113
8340405,CO5135
8340405,CO5139
8340405,CO5141
8340405,CO5143
8340405,CO5145
8340405,CO5147
8340405,CO5149
8340405,CO5163
8340405,CO5165
8340405,CO5167
8340405,CO5169
8340405,GK5009
8340405,GK5011
8340405,GK5021
8340405,GK5023
8340405,GK5025
8340405,GK5033
8340405,GK5035
8340405,GK5037
8340405,GK5039
8340405,GK5041
8340405,GK5043
8340405,GK5045
8340405,GK5047
8340405,GK5049
8340405,IM5013
8340405,IM5025
8340405,IM5041
8340405,IM5043
8340405,IM5085
8340405,IM5111
8340405,IM5119
8340405,IM5121
8340405,TH5929
8480101,AS5113
8480101,CO5075
8480101,CO5077
8480101,CO5079
8480101,CO5081
8480101,CO5083
8480101,CO5085
8480101,CO5087
8480101,CO5089
8480101,CO5091
8480101,CO5093
8480101,CO5095
8480101,CO5097
8480101,CO5105
8480101,CO5107
8480101,CO5109
8480101,CO5115
8480101,CO5117
8480101,CO5119
8480101,CO5121
8480101,CO5123
8480101,CO5125
8480101,CO5127
8480101,CO5129
8480101,CO5131
8480101,CO5133
8480101,CO5135
8480101,CO5137
8480101,CO5151
8480101,CO5157
8480101,CO5159
8480101,CO5161
8480101,CO5173
8480101,CO5175
8480101,CO5177
8480101,CO5179
8480101,CO5181
8480101,CO5183
8480101,CO5185
8480101,CO5187
8480101,CO5317
8480101,GK5009
8480101,GK5011
8480101,GK5021
8480101,GK5023
8480101,GK5025
8480101,GK5033
8480101,GK5035
8480101,GK5037
8480101,GK5039
8480101,GK5041
8480101,GK5043
8480101,GK5045
8480101,GK5047
8480101,GK5049
8480101,TH5929
8460107,AS5079
8460107,AS5113
8460107,AS5209
8460107,AS5263
8460107,AS5265
8460107,AS5267
8460107,AS5269
8460107,AS5271
8460107,AS5281
8460107,AS5283
8460107,AS5285
8460107,AS5287
8460107,AS5289
8460107,AS5291
8460107,CH5457
8460107,CH5459
8460107,CH5461
8460107,CH5503
8460107,GK5009
8460107,GK5011
8460107,GK5021
8460107,GK5023
8460107,GK5025
8460107,GK5033
8460107,GK5035
8460107,GK5037
8460107,GK5039
8460107,GK5041
8460107,GK5043
8460107,GK5045
8460107,GK5047
8460107,GK5049
8460107,MA4223
8460107,MA5075
8460107,TH5929
8520117,AS5113
8520117,GK5009
8520117,GK5011
8520117,GK5021
8520117,GK5023
8520117,GK5025
8520117,GK5033
8520117,GK5035
8520117,GK5037
8520117,GK5039
8520117,GK5041
8520117,GK5043
8520117,GK5045
8520117,GK5047
8520117,GK5049
8520117,ME5021
8520117,ME5077
8520117,ME5079
8520117,ME5081
8520117,ME5087
8520117,ME5089
8520117,ME5091
8520117,ME5093
8520117,ME5095
8520117,ME5101
8520117,ME5103
8520117,ME5105
8520117,ME5107
8520117,ME5181
8520117,ME5183
8520117,ME5185
8520117,ME5187
8520117,ME5189
8520117,ME5191
8520117,ME5239
8520117,ME5241
8520117,ME5267
8520117,ME5269
8520117,ME5271
8520117,TH5929
8520103,AS5113
8520103,AS5157
8520103,GK5009
8520103,GK5011
8520103,GK5021
8520103,GK5023
8520103,GK5025
8520103,GK5033
8520103,GK5035
8520103,GK5037
8520103,GK5039
8520103,GK5041
8520103,GK5043
8520103,GK5045
8520103,GK5047
8520103,GK5049
8520103,ME5021
8520103,ME5023
8520103,ME5025
8520103,ME5027
8520103,ME5029
8520103,ME5031
8520103,ME5033
8520103,ME5035
8520103,ME5037
8520103,ME5041
8520103,ME5043
8520103,ME5047
8520103,ME5049
8520103,ME5051
8520103,ME5053
8520103,ME5055
8520103,ME5057
8520103,ME5059
8520103,ME5061
8520103,ME5063
8520103,ME5065
8520103,ME5067
8520103,ME5069
8520103,ME5071
8520103,ME5073
8520103,ME5075
8520103,ME5111
8520103,ME5121
8520103,ME5123
8520103,ME5173
8520103,ME5201
8520103,ME5227
8520103,ME5229
8520103,ME5259
8520103,ME5261
8520103,ME5263
8520103,ME5265
8520103,TH5929
8520116,AS5113
8520116,GK5009
8520116,GK5011
8520116,GK5021
8520116,GK5023
8520116,GK5025
8520116,GK5033
8520116,GK5035
8520116,GK5037
8520116,GK5039
8520116,GK5041
8520116,GK5043
8520116,GK5045
8520116,GK5047
8520116,GK5049
8520116,TH5929
8520116,TR5007
8520116,TR5009
8520116,TR5011
8520116,TR5021
8520116,TR5023
8520116,TR5025
8520116,TR5027
8520116,TR5029
8520116,TR5031
8520116,TR5033
8520116,TR5035
8520116,TR5037
8520116,TR5039
8520116,TR5089
8520116,TR5091
8520116,TR5093
8520116,TR5095
8520116,TR5101
8520116,TR5103
8520116,TR5109
8520114,AS5113
8520114,EE5337
8520114,EE5339
8520114,GK5009
8520114,GK5011
8520114,GK5021
8520114,GK5023
8520114,GK5025
8520114,GK5033
8520114,GK5035
8520114,GK5037
8520114,GK5039
8520114,GK5041
8520114,GK5043
8520114,GK5045
8520114,GK5047
8520114,GK5049
8520114,ME5075
8520114,ME5109
8520114,ME5111
8520114,ME5113
8520114,ME5115
8520114,ME5117
8520114,ME5119
8520114,ME5121
8520114,ME5123
8520114,ME5125
8520114,ME5127
8520114,ME5129
8520114,ME5193
8520114,ME5195
8520114,ME5197
8520114,ME5199
8520114,ME5247
8520114,ME5251
8520114,ME5253
8520114,ME5255
8520114,ME5257
8520114,TH5929
8520604,AS5113
8520604,GE5095
8520604,GE5097
8520604,GE5099
8520604,GE5101
8520604,GE5103
8520604,GE5105
8520604,GE5107
8520604,GE5109
8520604,GE5111
8520604,GE5113
8520604,GE5115
8520604,GE5117
8520604,GE5119
8520604,GE5121
8520604,GE5133
8520604,GE5135
8520604,GE5137
8520604,GE5139
8520604,GK5009
8520604,GK5011
8520604,GK5021
8520604,GK5023
8520604,GK5025
8520604,GK5033
8520604,GK5035
8520604,GK5037
8520604,GK5039
8520604,GK5041
8520604,GK5043
8520604,GK5045
8520604,GK5047
8520604,GK5049
8520604,TH5929
8520120,AS5113
8520120,GK5009
8520120,GK5011
8520120,GK5021
8520120,GK5023
8520120,GK5025
8520120,GK5033
8520120,GK5035
8520120,GK5037
8520120,GK5039
8520120,GK5041
8520120,GK5043
8520120,GK5045
8520120,GK5047
8520120,GK5049
8520120,TH5929
8520120,TH5930
8520120,TR5015
8520120,TR5043
8520120,TR5051
8520120,TR5059
8520120,TR5061
8520120,TR5063
8520120,TR5065
8520120,TR5067
8520120,TR5069
8520120,TR5071
8520120,TR5073
8520120,TR5075
8520120,TR5077
8520120,TR5079
8520120,TR5081
8520120,TR5083
8520120,TR5085
8520120,TR5087
8520120,TR5097
8520120,TR5099
8520120,TR5111
8520305,AS5113
8520305,CH5315
8520305,CH5317
8520305,CH5321
8520305,CH5429
8520305,CH5469
8520305,CH5473
8520305,CH5597
8520305,CH5599
8520305,CH5601
8520305,CH5607
8520305,CH5609
8520305,CH5611
8520305,CH5613
8520305,CH5615
8520305,CH5617
8520305,CH5703
8520305,CH5803
8520305,CH5805
8520305,GK5009
8520305,GK5011
8520305,GK5021
8520305,GK5023
8520305,GK5025
8520305,GK5033
8520305,GK5035
8520305,GK5037
8520305,GK5039
8520305,GK5041
8520305,GK5043
8520305,GK5045
8520305,GK5047
8520305,GK5049
8520305,TH5929
8520301,AS5113
8520301,CH5311
8520301,CH5373
8520301,CH5375
8520301,CH5405
8520301,CH5427
8520301,CH5445
8520301,CH5597
8520301,CH5599
8520301,CH5601
8520301,CH5603
8520301,CH5605
8520301,CH5607
8520301,CH5609
8520301,CH5611
8520301,CH5613
8520301,CH5615
8520301,CH5617
8520301,CH5619
8520301,CH5623
8520301,CH5625
8520301,CH5633
8520301,CH5635
8520301,CH5637
8520301,CH5639
8520301,CH5641
8520301,CH5643
8520301,CH5645
8520301,CH5647
8520301,CH5649
8520301,CH5651
8520301,CH5653
8520301,CH5655
8520301,CH5657
8520301,CH5659
8520301,CH5681
8520301,CH5695
8520301,CH5697
8520301,CH5699
8520301,CH5701
8520301,CH5703
8520301,CH5709
8520301,CH5711
8520301,GK5009
8520301,GK5011
8520301,GK5021
8520301,GK5023
8520301,GK5025
8520301,GK5033
8520301,GK5035
8520301,GK5037
8520301,GK5039
8520301,GK5041
8520301,GK5043
8520301,GK5045
8520301,GK5047
8520301,GK5049
8520301,TH5929
8520320,AS5113
8520320,EN5025
8520320,EN5033
8520320,EN5055
8520320,EN5057
8520320,EN5087
8520320,EN5089
8520320,EN5091
8520320,EN5093
8520320,EN5095
8520320,EN5099
8520320,EN5101
8520320,EN5103
8520320,EN5105
8520320,EN5107
8520320,EN5109
8520320,EN5135
8520320,EN5167
8520320,EN5169
8520320,EN5182
8520320,EN5251
8520320,EN5253
8520320,EN5255
8520320,EN5257
8520320,GK5009
8520320,GK5011
8520320,GK5021
8520320,GK5023
8520320,GK5025
8520320,GK5033
8520320,GK5035
8520320,GK5037
8520320,GK5039
8520320,GK5041
8520320,GK5043
8520320,GK5045
8520320,GK5047
8520320,GK5049
8520320,TH5929
8520115,AS5113
8520115,GK5009
8520115,GK5011
8520115,GK5021
8520115,GK5023
8520115,GK5025
8520115,GK5033
8520115,GK5035
8520115,GK5037
8520115,GK5039
8520115,GK5041
8520115,GK5043
8520115,GK5045
8520115,GK5047
8520115,GK5049
8520115,ME5021
8520115,ME5071
8520115,ME5133
8520115,ME5135
8520115,ME5137
8520115,ME5145
8520115,ME5207
8520115,ME5209
8520115,ME5211
8520115,ME5213
8520115,ME5215
8520115,ME5217
8520115,ME5219
8520115,ME5221
8520115,ME5223
8520115,ME5225
8520115,ME5243
8520115,ME5245
8520115,TH5929
8520208,AS5113
8520208,EE5113
8520208,EE5167
8520208,EE5169
8520208,EE5177
8520208,EE5179
8520208,EE5181
8520208,EE5191
8520208,EE5193
8520208,EE5195
8520208,EE5197
8520208,EE5273
8520208,EE5283
8520208,EE5285
8520208,EE5287
8520208,EE5289
8520208,EE5291
8520208,EE5293
8520208,EE5295
8520208,EE5297
8520208,EE5299
8520208,EE5301
8520208,EE5303
8520208,EE5305
8520208,EE5307
8520208,EE5309
8520208,EE5313
8520208,EE5315
8520208,EE5317
8520208,GK5009
8520208,GK5011
8520208,GK5021
8520208,GK5023
8520208,GK5025
8520208,GK5033
8520208,GK5035
8520208,GK5037
8520208,GK5039
8520208,GK5041
8520208,GK5043
8520208,GK5045
8520208,GK5047
8520208,GK5049
8520208,TH5929
8520309,AS5113
8520309,GK5009
8520309,GK5011
8520309,GK5021
8520309,GK5023
8520309,GK5025
8520309,GK5033
8520309,GK5035
8520309,GK5037
8520309,GK5039
8520309,GK5041
8520309,GK5043
8520309,GK5045
8520309,GK5047
8520309,GK5049
8520309,MA5029
8520309,MA5033
8520309,MA5035
8520309,MA5037
8520309,MA5041
8520309,MA5043
8520309,MA5045
8520309,MA5047
8520309,MA5049
8520309,MA5051
8520309,MA5053
8520309,MA5055
8520309,MA5057
8520309,MA5059
8520309,MA5061
8520309,MA5063
8520309,MA5065
8520309,MA5067
8520309,MA5069
8520309,MA5071
8520309,MA5073
8520309,MA5075
8520309,MA5077
8520309,MA5079
8520309,MA5081
8520309,MA5085
8520309,MA5087
8520309,MA5089
8520309,MA5093
8520309,MA5095
8520309,MA5097
8520309,MA5099
8520309,MA5101
8520309,TH5929
8580201,AS5113
8580201,CI5047
8580201,CI5051
8580201,CI5057
8580201,CI5059
8580201,CI5205
8580201,CI5207
8580201,CI5211
8580201,CI5215
8580201,CI5219
8580201,CI5235
8580201,CI5245
8580201,CI5247
8580201,CI5249
8580201,CI5251
8580201,CI5253
8580201,CI5255
8580201,CI5259
8580201,CI5261
8580201,CI5263
8580201,CI5265
8580201,CI5267
8580201,CI5269
8580201,CI5271
8580201,CI5273
8580201,CI5275
8580201,CI5277
8580201,CI5279
8580201,CI5283
8580201,CI5287
8580201,CI5289
8580201,CI5295
8580201,CI5299
8580201,CI5311
8580201,CI5315
8580201,CI5317
8580201,CI5319
8580201,CI5321
8580201,CI5329
8580201,CI5339
8580201,CI5351
8580201,CI5353
8580201,CI5355
8580201,CI5357
8580201,CI5359
8580201,CI5361
8580201,CI5363
8580201,CI5367
8580201,CI5379
8580201,CI5381
8580201,CI5385
8580201,CI5437
8580201,CI5439
8580201,CI5441
8580201,CI5443
8580201,CI5445
8580201,CI5447
8580201,CI5449
8580201,CI5591
8580201,CI5765
8580201,CI5767
8580201,CI5771
8580201,CI5773
8580201,CI5775
8580201,CI5777
8580201,CI5779
8580201,CI5781
8580201,CI5791
8580201,CI5795
8580201,CI5799
8580201,CI5805
8580201,GK5009
8580201,GK5011
8580201,GK5021
8580201,GK5023
8580201,GK5025
8580201,GK5033
8580201,GK5035
8580201,GK5037
8580201,GK5039
8580201,GK5041
8580201,GK5043
8580201,GK5045
8580201,GK5047
8580201,GK5049
8580201,TH5929
8580205,AS5113
8580205,CI5165
8580205,CI5167
8580205,CI5169
8580205,CI5171
8580205,CI5173
8580205,CI5175
8580205,CI5177
8580205,CI5179
8580205,CI5181
8580205,CI5183
8580205,CI5185
8580205,CI5187
8580205,CI5189
8580205,CI5191
8580205,CI5193
8580205,CI5195
8580205,CI5197
8580205,CI5331
8580205,CI5333
8580205,CI5387
8580205,CI5389
8580205,CI5391
8580205,CI5393
8580205,GK5009
8580205,GK5011
8580205,GK5021
8580205,GK5023
8580205,GK5025
8580205,GK5033
8580205,GK5035
8580205,GK5037
8580205,GK5039
8580205,GK5041
8580205,GK5043
8580205,GK5045
8580205,GK5047
8580205,GK5049
8580205,TH5929
8580205,TH5930
8520216,AS5113
8520216,EE5105
8520216,EE5163
8520216,EE5165
8520216,EE5171
8520216,EE5173
8520216,EE5175
8520216,EE5199
8520216,EE5201
8520216,EE5203
8520216,EE5205
8520216,EE5319
8520216,EE5321
8520216,EE5323
8520216,EE5325
8520216,EE5327
8520216,EE5329
8520216,EE5331
8520216,EE5333
8520216,EE5335
8520216,EE5337
8520216,EE5339
8520216,GK5009
8520216,GK5011
8520216,GK5021
8520216,GK5023
8520216,GK5025
8520216,GK5033
8520216,GK5035
8520216,GK5037
8520216,GK5039
8520216,GK5041
8520216,GK5043
8520216,GK5045
8520216,GK5047
8520216,GK5049
8520216,TH5929
8520201,AS5113
8520201,EE5023
8520201,EE5025
8520201,EE5115
8520201,EE5117
8520201,EE5131
8520201,EE5133
8520201,EE5135
8520201,EE5137
8520201,EE5145
8520201,EE5147
8520201,EE5149
8520201,EE5151
8520201,EE5153
8520201,EE5155
8520201,EE5157
8520201,EE5159
8520201,EE5161
8520201,EE5183
8520201,EE5185
8520201,EE5187
8520201,EE5189
8520201,EE5243
8520201,EE5245
8520201,EE5249
8520201,EE5251
8520201,EE5253
8520201,EE5255
8520201,EE5257
8520201,EE5259
8520201,EE5261
8520201,EE5263
8520201,EE5267
8520201,EE5271
8520201,GK5009
8520201,GK5011
8520201,GK5021
8520201,GK5023
8520201,GK5025
8520201,GK5033
8520201,GK5035
8520201,GK5037
8520201,GK5039
8520201,GK5041
8520201,GK5043
8520201,GK5045
8520201,GK5047
8520201,GK5049
8520201,TH5929
8520203,AS5113
8520203,EE5113
8520203,EE5167
8520203,EE5169
8520203,EE5177
8520203,EE5179
8520203,EE5181
8520203,EE5191
8520203,EE5193
8520203,EE5195
8520203,EE5197
8520203,EE5273
8520203,EE5283
8520203,EE5285
8520203,EE5287
8520203,EE5289
8520203,EE5291
8520203,EE5293
8520203,EE5295
8520203,EE5297
8520203,EE5299
8520203,EE5301
8520203,EE5303
8520203,EE5305
8520203,EE5307
8520203,EE5309
8520203,EE5313
8520203,EE5315
8520203,EE5317
8520203,GK5009
8520203,GK5011
8520203,GK5021
8520203,GK5023
8520203,GK5025
8520203,GK5033
8520203,GK5035
8520203,GK5037
8520203,GK5039
8520203,GK5041
8520203,GK5043
8520203,GK5045
8520203,GK5047
8520203,GK5049
8520203,TH5929
8520501,AS5113
8520501,GE5031
8520501,GE5033
8520501,GE5035
8520501,GE5037
8520501,GE5039
8520501,GE5041
8520501,GE5043
8520501,GE5045
8520501,GE5047
8520501,GE5049
8520501,GE5051
8520501,GE5053
8520501,GE5055
8520501,GE5057
8520501,GE5059
8520501,GE5061
8520501,GE5063
8520501,GE5065
8520501,GE5067
8520501,GE5069
8520501,GE5071
8520501,GE5123
8520501,GE5125
8520501,GE5127
8520501,GE5129
8520501,GE5131
8520501,GK5009
8520501,GK5011
8520501,GK5021
8520501,GK5023
8520501,GK5025
8520501,GK5033
8520501,GK5035
8520501,GK5037
8520501,GK5039
8520501,GK5041
8520501,GK5043
8520501,GK5045
8520501,GK5047
8520501,GK5049
8520501,TH5929
8510602,AS5113
8510602,EE5109
8510602,EE5111
8510602,EE5119
8510602,EE5121
8510602,EE5125
8510602,EE5127
8510602,EE5129
8510602,EE5139
8510602,EE5141
8510602,EE5143
8510602,GK5009
8510602,GK5011
8510602,GK5021
8510602,GK5023
8510602,GK5025
8510602,GK5033
8510602,GK5035
8510602,GK5037
8510602,GK5039
8510602,GK5041
8510602,GK5043
8510602,GK5045
8510602,GK5047
8510602,GK5049
8510602,IM5027
8510602,IM5029
8510602,IM5095
8510602,IM5099
8510602,IM5105
8510602,IM5107
8510602,ME5133
8510602,ME5143
8510602,ME5179
8510602,TH5929
8850101,AS5113
8850101,EN5041
8850101,EN5051
8850101,EN5053
8850101,EN5061
8850101,EN5063
8850101,EN5065
8850101,EN5069
8850101,EN5071
8850101,EN5073
8850101,EN5075
8850101,EN5077
8850101,EN5079
8850101,EN5081
8850101,EN5083
8850101,EN5085
8850101,EN5111
8850101,EN5113
8850101,EN5115
8850101,EN5117
8850101,EN5119
8850101,EN5121
8850101,EN5125
8850101,EN5129
8850101,EN5131
8850101,EN5133
8850101,EN5135
8850101,EN5147
8850101,EN5149
8850101,EN5151
8850101,EN5153
8850101,EN5157
8850101,EN5171
8850101,EN5173
8850101,EN5179
8850101,EN5181
8850101,EN5183
8850101,EN5185
8850101,GK5009
8850101,GK5011
8850101,GK5021
8850101,GK5023
8850101,GK5025
8850101,GK5033
8850101,GK5035
8850101,GK5037
8850101,GK5039
8850101,GK5041
8850101,GK5043
8850101,GK5045
8850101,GK5047
8850101,GK5049
8850101,TH5929
8850101,TH5930
8580302,AS5113
8580302,CI5115
8580302,CI5137
8580302,CI5139
8580302,CI5141
8580302,CI5143
8580302,CI5147
8580302,CI5149
8580302,CI5151
8580302,CI5155
8580302,CI5157
8580302,CI5159
8580302,CI5161
8580302,CI5163
8580302,CI5213
8580302,CI5239
8580302,CI5241
8580302,CI5323
8580302,CI5325
8580302,CI5403
8580302,CI5405
8580302,CI5407
8580302,CI5409
8580302,CI5451
8580302,GK5009
8580302,GK5011
8580302,GK5021
8580302,GK5023
8580302,GK5025
8580302,GK5033
8580302,GK5035
8580302,GK5037
8580302,GK5039
8580302,GK5041
8580302,GK5043
8580302,GK5045
8580302,GK5047
8580302,GK5049
8580302,TH5929
8580302,TH5930
8340130,AS5113
8340130,GK5011
8340130,GK5025
8340130,GK5047
8340130,GK5049
8340130,IM5123
8340130,IM5125
8340130,IM5127
8340130,IM5129
8340130,IM5131
8340130,IM5133
8340130,IM5135
8340130,IM5137
8340130,IM5139
8340130,IM5141
8340130,IM5143
8340130,IM5145
8340130,IM5147
8340130,IM5149
8340130,IM5151
8340130,IM5153
8340130,IM5155
8340130,IM5157
8340130,IM5159
8340130,TH5929
8340101,AS5113
8340101,GK5011
8340101,GK5021
8340101,GK5035
8340101,GK5037
8340101,GK5039
8340101,GK5047
8340101,GK5049
8340101,IM5001
8340101,IM5007
8340101,IM5009
8340101,IM5011
8340101,IM5013
8340101,IM5025
8340101,IM5043
8340101,IM5049
8340101,IM5051
8340101,IM5065
8340101,IM5067
8340101,IM5069
8340101,IM5071
8340101,IM5073
8340101,IM5075
8340101,IM5077
8340101,IM5079
8340101,IM5081
8340101,IM5083
8340101,IM5085
8340101,IM5089
8340101,IM5091
8340101,IM5093
8340101,IM5101
8340101,IM5109
8340101,IM5111
8340101,IM5113
8340101,IM5115
8340101,IM5117
8340101,TH5929
85202a1,AS5113
85202a1,EE5207
85202a1,EE5209
85202a1,EE5211
85202a1,EE5213
85202a1,EE5215
85202a1,EE5217
85202a1,EE5219
85202a1,EE5221
85202a1,EE5223
85202a1,EE5225
85202a1,EE5227
85202a1,EE5229
85202a1,EE5231
85202a1,EE5233
85202a1,EE5235
85202a1,EE5237
85202a1,EE5239
85202a1,EE5295
85202a1,EE5303
85202a1,GK5009
85202a1,GK5011
85202a1,GK5021
85202a1,GK5023
85202a1,GK5025
85202a1,GK5033
85202a1,GK5035
85202a1,GK5037
85202a1,GK5039
85202a1,GK5041
85202a1,GK5043
85202a1,GK5045
85202a1,GK5047
85202a1,GK5049
85202a1,TH5929
8460112,AS5013
8460112,AS5015
8460112,AS5017
8460112,AS5019
8460112,AS5021
8460112,AS5023
8460112,AS5111
8460112,AS5113
8460112,AS5115
8460112,AS5117
8460112,AS5119
8460112,AS5121
8460112,AS5123
8460112,AS5125
8460112,AS5127
8460112,AS5129
8460112,AS5131
8460112,AS5133
8460112,AS5135
8460112,AS5137
8460112,AS5139
8460112,AS5141
8460112,AS5241
8460112,AS5243
8460112,AS5245
8460112,AS5247
8460112,AS5249
8460112,AS5277
8460112,AS5279
8460112,AS5293
8460112,AS5295
8460112,AS5297
8460112,GK5009
8460112,GK5011
8460112,GK5021
8460112,GK5023
8460112,GK5025
8460112,GK5033
8460112,GK5035
8460112,GK5037
8460112,GK5039
8460112,GK5041
8460112,GK5043
8460112,GK5045
8460112,GK5047
8460112,GK5049
8460112,TH5929
8520401,AS5009
8520401,AS5011
8520401,AS5059
8520401,AS5101
8520401,AS5103
8520401,AS5105
8520401,AS5113
8520401,AS5159
8520401,AS5161
8520401,AS5163
8520401,AS5165
8520401,AS5167
8520401,AS5169
8520401,AS5171
8520401,AS5173
8520401,AS5175
8520401,AS5177
8520401,AS5179
8520401,AS5185
8520401,AS5189
8520401,AS5259
8520401,AS5261
8520401,AS5299
8520401,GK5009
8520401,GK5011
8520401,GK5021
8520401,GK5023
8520401,GK5025
8520401,GK5033
8520401,GK5035
8520401,GK5037
8520401,GK5039
8520401,GK5041
8520401,GK5043
8520401,GK5045
8520401,GK5047
8520401,GK5049
8520401,TH5929
8580211,AS5113
8580211,CI5069
8580211,CI5081
8580211,CI5083
8580211,CI5085
8580211,CI5087
8580211,CI5089
8580211,CI5091
8580211,CI5093
8580211,CI5095
8580211,CI5097
8580211,CI5099
8580211,CI5101
8580211,CI5177
8580211,CI5303
8580211,CI5305
8580211,CI5307
8580211,CI5369
8580211,CI5371
8580211,CI5373
8580211,CI5763
8580211,GK5009
8580211,GK5011
8580211,GK5021
8580211,GK5023
8580211,GK5025
8580211,GK5033
8580211,GK5035
8580211,GK5037
8580211,GK5039
8580211,GK5041
8580211,GK5043
8580211,GK5045
8580211,GK5047
8580211,GK5049
8580211,TH5929
8580211,TH5930
7480106,MT1003
7480106,MT1005
7480106,MT1007
7480106,MT2013
7480106,CH1003
7480106,PH1003
7480106,PH1007
7480106,CO1007
7480106,CO2011
7480106,SP1007
7480106,SP1031
7480106,SP1033
7480106,SP1035
7480106,SP1037
7480106,SP1039
7480106,CO1005
7480106,CO2001
7480106,MI1003
7480106,PE1003
7480106,PE1005
7480106,PE1007
7480106,LA1003
7480106,LA1005
7480106,LA1007
7480106,LA1009
7480106,CO1023
7480106,CO1027
7480106,CO2003
7480106,CO2007
7480106,CO2013
7480106,CO2039
7480106,CO2017
7480106,CO3001
7480106,CO3005
7480106,CO3093
7480106,CO3335
7480106,CO4029
7480106,CO4337
7480106,CO3101
7480106,CO3103
7480106,CO3105
7480106,CO3107
7480106,CO3109
7480106,CO3111
7480106,CO3021
7480106,CO3023
7480106,CO3027
7480106,CO3029
7480106,CO3033
7480106,CO3115
7480106,CO4031
7480106,CO4033
7480106,CO4035
7480106,CO4037
7480106,CO4039
7480106,IM1013
7480106,IM1023
7480106,IM1025
7480106,IM1027
7480106,IM3001
7480106,CO3011
7480106,CO3013
7480106,CO3015
7480106,CO3017
7480106,CO3065
7480106,CO3089
7480106,CO3031
7480106,CO3035
7480106,CO3037
7480106,CO3041
7480106,CO3043
7480106,CO3045
7480106,CO3047
7480106,CO3049
7480106,CO3051
7480106,CO3057
7480106,CO3059
7480106,CO3061
7480106,CO3067
7480106,CO3069
7480106,CO3071
7480106,CO3083
7480106,CO3085
7480106,CO3117
7480106,CO4025
7480106,CO1025
7480106,CO2037
7480106,CO3007
7480106,CO3009
7480106,CO3053
7480106,CO3091
7480106,CO3097
7480106,CO3345
7480106,CO4041
7480106,CO4347
7480106,CO2035
7480106,CO3000
7480101,MT1003
7480101,MT1005
7480101,MT1007
7480101,MT2013
7480101,CH1003
7480101,PH1003
7480101,PH1007
7480101,CO1007
7480101,CO2011
7480101,SP1007
7480101,SP1031
7480101,SP1033
7480101,SP1035
7480101,SP1037
7480101,SP1039
7480101,CO1005
7480101,CO2001
7480101,MI1003
7480101,PE1003
7480101,PE1005
7480101,PE1007
7480101,LA1003
7480101,LA1005
7480101,LA1007
7480101,LA1009
7480101,CO1023
7480101,CO1027
7480101,CO2003
7480101,CO2007
7480101,CO2013
7480101,CO2039
7480101,CO2017
7480101,CO3001
7480101,CO3005
7480101,CO3093
7480101,CO3335
7480101,CO4029
7480101,CO4337
7480101,CO3101
7480101,CO3103
7480101,CO3105
7480101,CO3107
7480101,CO3109
7480101,CO3111
7480101,CO3021
7480101,CO3023
7480101,CO3027
7480101,CO3029
7480101,CO3033
7480101,CO3115
7480101,CO4031
7480101,CO4033
7480101,CO4035
7480101,CO4037
7480101,CO4039
7480101,IM1013
7480101,IM1023
7480101,IM1025
7480101,IM1027
7480101,IM3001
7480101,CO3011
7480101,CO3013
7480101,CO3015
7480101,CO3017
7480101,CO3065
7480101,CO3089
7480101,CO3031
7480101,CO3035
7480101,CO3037
7480101,CO3041
7480101,CO3043
7480101,CO3045
7480101,CO3047
7480101,CO3049
7480101,CO3051
7480101,CO3057
7480101,CO3059
7480101,CO3061
7480101,CO3067
7480101,CO3069
7480101,CO3071
7480101,CO3083
7480101,CO3085
7480101,CO3117
7480101,CO4025
7480101,CO1025
7480101,CO2037
7480101,CO3007
7480101,CO3009
7480101,CO3053
7480101,CO3091
7480101,CO3097
7480101,CO3345
7480101,CO4041
7480101,CO4347
7480101,CO2035
7480101,CO3000
