test,question_id,question_text,reference_answer,section,topic
pretest,sectionA_yearOfStudy,1. Current year of study,,Section A,
pretest,sectionA_gender,2. Gender,,Section A,
pretest,sectionA_studentStatus,3. Current status,,Section A,
pretest,sectionA_selfLearningScale,4. Self-learning ability (1-5),,Section A,
pretest,sectionA_topicFirst,5. First topic selected for assessment,,Section A,
pretest,sectionA_topicSecond,6. Second topic selected for assessment,,Section A,
pretest,sectionA_studiedTopic1,7. Studied Topic 1 before?,,Section A,
pretest,sectionA_studiedTopic2,8. Studied Topic 2 before?,,Section A,
pretest,sectionA_familiarityTopic1Scale,9. Familiarity with Topic 1 (1-5),,Section A,
pretest,sectionA_familiarityTopic2Scale,10. Familiarity with Topic 2 (1-5),,Section A,
pretest,sectionA_usedGenAi,11. Used GenAI tools for learning?,,Section A,
pretest,sectionA_aiLearningFrequency,12. Frequency of using AI for learning,,Section A,
pretest,sectionA_aiToolPrimary,13. AI tool used most,,Section A,
pretest,sectionA_aiStudyPurpose,14. Primary purpose of using AI,,Section A,
pretest,sectionA_attendedAiTraining,15. Attended AI course or workshop?,,Section A,
pretest,sectionB_linear_regression_q1,Primary goal of Simple Linear Regression?,B,Section B,Linear Regression
pretest,sectionB_linear_regression_q2,"In Y = β0 + β1X + ε, β1 represents:",B,Section B,Linear Regression
pretest,sectionB_linear_regression_q3,Meaning of R² = 0.85?,B,Section B,Linear Regression
pretest,sectionB_linear_regression_q4,Difference between Simple and Multiple Linear Regression?,B,Section B,Linear Regression
pretest,sectionB_linear_regression_q5,"Price = 50,000 + 100·SqFt. Predicted price for 2,000 SqFt?",A,Section B,Linear Regression
pretest,sectionB_linear_regression_q6,Most common loss minimized for standard linear regression training?,C,Section B,Linear Regression
pretest,sectionB_linear_regression_q7,Residuals vs fitted values show a parabolic pattern. What does it indicate?,B,Section B,Linear Regression
pretest,sectionB_linear_regression_q8,Why check multicollinearity in Multiple LR? Common measure?,B,Section B,Linear Regression
pretest,sectionB_linear_regression_q9,Trade-off: high-degree polynomial (perfect train fit) vs simple linear for future prediction—which generalizes better and why?,"The simple linear regression model is generally preferred for generalization. The high-degree polynomial model, while perfectly fitting the training data, is prone to overfitting, which leads to poor performance on new, unseen data.",Section B,Linear Regression
pretest,sectionB_linear_regression_q10,"Propose a feature transform (e.g., log) when X–Y is exponential; explain for linear regression.","Example Transformation: Transform x to logX (logarithmic transformation). This is necessary because Linear Regression assumes a linear relationship between X and Y. The log transformation effectively linearizes the initial exponential relationship, allowing the standard Linear Regression assumptions to be met.",Section B,Linear Regression
pretest,sectionB_deep_neural_networks_q1,What is a Deep Neural Network (DNN)?,B,Section B,Deep Neural Networks
pretest,sectionB_deep_neural_networks_q2,Role of an activation function?,B,Section B,Deep Neural Networks
pretest,sectionB_deep_neural_networks_q3,Why are multiple hidden layers useful?,B,Section B,Deep Neural Networks
pretest,sectionB_deep_neural_networks_q4,What is overfitting in DNNs?,A,Section B,Deep Neural Networks
pretest,sectionB_deep_neural_networks_q5,"High train accuracy, low validation accuracy. What to do?",B,Section B,Deep Neural Networks
pretest,sectionB_deep_neural_networks_q6,Network cannot learn complex patterns. Change that might help?,B,Section B,Deep Neural Networks
pretest,sectionB_deep_neural_networks_q7,Very deep network without normalization techniques?,A,Section B,Deep Neural Networks
pretest,sectionB_deep_neural_networks_q8,Why normalize inputs for DNN training?,B,Section B,Deep Neural Networks
pretest,sectionB_deep_neural_networks_q9,Model does poorly on both training and validation. What does it suggest?,Mentions underfitting / model too simple / insufficient capacity / poor training,Section B,Deep Neural Networks
pretest,sectionB_deep_neural_networks_q10,Propose one real-world DNN application and usefulness.,Provides valid application + correct explanation of DNN usage,Section B,Deep Neural Networks
pretest,sectionC_c1,I believe that AI can help me understand difficult concepts faster.,,Section C,
pretest,sectionC_c2,I think that using AI helps me save a significant amount of study time.,,Section C,
pretest,sectionC_c3,I find AI effective at summarizing lengthy or complex technical documents.,,Section C,
pretest,sectionC_c4,I believe mastering AI tools is a mandatory skill for my future tech career.,,Section C,
pretest,sectionC_c5,I am generally confident in the accuracy of technical explanations from AI.,,Section C,
pretest,sectionC_c6,I feel comfortable relying on algorithmic logic and code generated by AI.,,Section C,
pretest,sectionC_c7,I trust AI as a reliable resource when exploring new technical topics.,,Section C,
pretest,sectionC_c8,I feel confident using AI as a supportive tool for self-study.,,Section C,
pretest,sectionC_c9,I know how to craft effective prompts for high-quality AI responses.,,Section C,
pretest,sectionC_c10,I can refine my queries if the first AI response is unsatisfactory.,,Section C,
pretest,sectionC_c11,I feel comfortable using AI to troubleshoot or debug technical coursework.,,Section C,
pretest,sectionC_c12,I can identify when an AI-generated answer is unreliable or inconsistent.,,Section C,
pretest,sectionC_c13,Learners should verify AI answers against official textbooks or sources.,,Section C,
pretest,sectionC_c14,I am aware AI may sound convincing while being incorrect.,,Section C,
pretest,sectionC_c15,I am ready to use AI as learning support for the Intelligent Systems (IS) course.,,Section C,
pretest,sectionB_word_embedding_q1,What is a word embedding?,B,Section B,Word Embedding
pretest,sectionB_word_embedding_q2,Which model is commonly used to learn word embeddings?,B,Section B,Word Embedding
pretest,sectionB_word_embedding_q3,"If two words have similar embeddings, it means:",C,Section B,Word Embedding
pretest,sectionB_word_embedding_q4,Main difference: one-hot vs word embeddings?,C,Section B,Word Embedding
pretest,sectionB_word_embedding_q5,Find words with similar meanings. What to use?,B,Section B,Word Embedding
pretest,sectionB_word_embedding_q6,"In Word2Vec, goal of Skip-gram?",B,Section B,Word Embedding
pretest,sectionB_word_embedding_q7,Why do embeddings often beat one-hot in NLP?,A,Section B,Word Embedding
pretest,sectionB_word_embedding_q8,Same word multiple meanings (e.g. “bank”) causes:,B,Section B,Word Embedding
pretest,sectionB_word_embedding_q9,Embeddings give poor similarity. Possible reasons?,"Mentions at least one: poor training data, small corpus, bad hyperparameters, lack of preprocessing",Section B,Word Embedding
pretest,sectionB_word_embedding_q10,Propose one embedding application and how it improves performance.,"Provides valid application + correct explanation (e.g., search, recommendation, NLP tasks)",Section B,Word Embedding
pretest,sectionB_logistic_regression_q1,Primary difference: Linear vs Logistic Regression for Y?,A,Section B,Logistic Regression
pretest,sectionB_logistic_regression_q2,"Function mapping linear output to probability in [0,1]?",C,Section B,Logistic Regression
pretest,sectionB_logistic_regression_q3,Why Sigmoid instead of raw linear Y = β0 + β1X + ε in Logistic Regression?,B,Section B,Logistic Regression
pretest,sectionB_logistic_regression_q4,Formula for log-odds (logit) of success p?,A,Section B,Logistic Regression
pretest,sectionB_logistic_regression_q5,Logit = 0 for a customer. Probability p of positive class?,B,Section B,Logistic Regression
pretest,sectionB_logistic_regression_q6,Typical cost minimized when training Logistic Regression?,C,Section B,Logistic Regression
pretest,sectionB_logistic_regression_q7,Interpret coefficient β in Logistic Regression.,C,Section B,Logistic Regression
pretest,sectionB_logistic_regression_q8,Perfect linear separability: why can unregularized Logistic Regression have numerical issues?,B,Section B,Logistic Regression
pretest,sectionB_logistic_regression_q9,Machine failure prediction: prioritize Precision (few false alarms) or Recall (catch failures)? Why?,"Recall (minimizing False Negatives) should be prioritized. A False Negative (missing a machine failure) is usually more costly and dangerous than a False Positive (predicting failure when the machine is fine), as failure can lead to severe operational damage or accidents.",Section B,Logistic Regression
pretest,sectionB_logistic_regression_q10,Propose how to extend binary Logistic Regression to 3+ mutually exclusive classes.,"The problem requires Multinomial Logistic Regression (also known as Softmax Regression), which generalizes the sigmoid function to handle multiple classes simultaneously, or using the One-vs-Rest (OvR) approach, which trains separate binary Logistic Regression models for each class against all others.",Section B,Logistic Regression
pretest,sectionB_association_rules_mining_q1,Which metric measures how frequently an itemset appears in the entire dataset?,B,Section B,Association Rules Mining
pretest,sectionB_association_rules_mining_q2,The Apriori algorithm is primarily used for:,B,Section B,Association Rules Mining
pretest,sectionB_association_rules_mining_q3,What does the Apriori Principle state about itemsets?,A,Section B,Association Rules Mining
pretest,sectionB_association_rules_mining_q4,"If a rule {A} → {B} has a Lift > 1, it implies that:",B,Section B,Association Rules Mining
pretest,sectionB_association_rules_mining_q5,"In 200 transactions, ""Coke"" appears in 100, ""Chips"" in 80, both together in 40. Confidence of {Coke} → {Chips} is:",B,Section B,Association Rules Mining
pretest,sectionB_association_rules_mining_q6,"With the same data, Support for itemset {Coke, Chips} is:",A,Section B,Association Rules Mining
pretest,sectionB_association_rules_mining_q7,Why does FP-Growth typically perform faster than Apriori on large datasets?,A,Section B,Association Rules Mining
pretest,sectionB_association_rules_mining_q8,"If you increase the minimum confidence threshold, how does it affect discovered rules?",B,Section B,Association Rules Mining
pretest,sectionB_association_rules_mining_q9,A retail manager wants associations that are strong beyond both being popular. Which metric should they prioritize?,C,Section B,Association Rules Mining
pretest,sectionB_association_rules_mining_q10,"For pharmacy market-basket analysis, how would you modify traditional ARM to prioritize ""Critical Drug Interactions"" over ""Frequent Purchases""?",Assign risk-severity weights or specialized interest metrics to drug interactions so critical pairs are prioritized regardless of low purchase frequency (support).,Section B,Association Rules Mining
pretest,sectionB_recommender_system_q1,Which recommender suggests items similar to those a user liked based on item features?,B,Section B,Recommender System
pretest,sectionB_recommender_system_q2,Term for when the system cannot recommend to a new user due to lack of history?,C,Section B,Recommender System
pretest,sectionB_recommender_system_q3,How does User-User Collaborative Filtering differ from Item-Item Collaborative Filtering?,A,Section B,Recommender System
pretest,sectionB_recommender_system_q4,Why is Matrix Factorization used in Recommender Systems?,B,Section B,Recommender System
pretest,sectionB_recommender_system_q5,"User likes Inception (Sci-Fi, Nolan) and Interstellar (Sci-Fi, Nolan). A content-based system will most likely recommend:",B,Section B,Recommender System
pretest,sectionB_recommender_system_q6,Users A and B have high cosine similarity. A rates Movie X highly. What is likely predicted for B on X?,B,Section B,Recommender System
pretest,sectionB_recommender_system_q7,Millions of items but few ratings per user. The most significant challenge is:,B,Section B,Recommender System
pretest,sectionB_recommender_system_q8,"If the goal is that the Top-5 list contains only relevant items, which is more important: Precision or Recall?",A,Section B,Recommender System
pretest,sectionB_recommender_system_q9,Evaluate ethical implications of a filter bubble in news recommendations on information diversity.,"Filter bubbles isolate users in ideological echo chambers, severely reducing information diversity and reinforcing confirmation bias or societal polarization.",Section B,Recommender System
pretest,sectionB_recommender_system_q10,Propose a hybrid recommender architecture that combines CF and content-based filtering to mitigate cold start for new items.,"Use Content-Based filtering initially to generate recommendations using item metadata, then seamlessly integrate Collaborative Filtering as interaction data accumulates.",Section B,Recommender System
pretest,sectionB_fuzzy_logic_q1,Essential range for the degree of membership in a fuzzy set?,C,Section B,Fuzzy Logic
pretest,sectionB_fuzzy_logic_q2,Which FIS component turns fuzzy output into a single crisp value?,C,Section B,Fuzzy Logic
pretest,sectionB_fuzzy_logic_q3,"For standard fuzzy Max operator, membership of A ∪ B is:",B,Section B,Fuzzy Logic
pretest,sectionB_fuzzy_logic_q4,"Primary limitation of Boolean (crisp) logic for concepts like ""Hot"" or ""Fast""?",B,Section B,Fuzzy Logic
pretest,sectionB_fuzzy_logic_q5,IF Pressure High (μ=0.9) AND Temperature Low (μ=0.5) THEN Valve Closed. Min-AND firing strength is:,B,Section B,Fuzzy Logic
pretest,sectionB_fuzzy_logic_q6,"Trapezoid MF: 50 km/h → μ=1.0, 70 km/h → μ=0.5. Method used?",A,Section B,Fuzzy Logic
pretest,sectionB_fuzzy_logic_q7,Why is choice and shape of membership functions critical in fuzzy control?,A,Section B,Fuzzy Logic
pretest,sectionB_fuzzy_logic_q8,Fundamental difference between Mamdani and Sugeno FIS outputs?,A,Section B,Fuzzy Logic
pretest,sectionB_fuzzy_logic_q9,Compare sharp-threshold vs fuzzy control for chemical mixing: which yields smoother actions and why?,"The Fuzzy Logic system is likely to produce smoother and less abrupt control actions. This is because it uses continuous Membership Functions, allowing for gradual transitions in the control output as inputs change. The traditional system, with its fixed, sharp thresholds, would cause sudden, discontinuous changes when the input crosses a boundary.",Section B,Fuzzy Logic
pretest,sectionB_fuzzy_logic_q10,Propose one linguistic rule for a room thermostat using Room Temperature (Cold/Perfect/Hot) and Change Rate (Falling/Stable/Rising).,"Example Rule: IF Room Temperature IS Cold AND Temperature Change Rate IS Falling, THEN Heater Output IS Maximum (High).",Section B,Fuzzy Logic
pretest,sectionB_latent_dirichlet_allocation_q1,Primary purpose of Latent Dirichlet Allocation (LDA)?,B,Section B,Latent Dirichlet Allocation
pretest,sectionB_latent_dirichlet_allocation_q2,"In LDA, what is a “topic”?",A,Section B,Latent Dirichlet Allocation
pretest,sectionB_latent_dirichlet_allocation_q3,How does LDA represent a document?,B,Section B,Latent Dirichlet Allocation
pretest,sectionB_latent_dirichlet_allocation_q4,Why is LDA unsupervised?,C,Section B,Latent Dirichlet Allocation
pretest,sectionB_latent_dirichlet_allocation_q5,Apply LDA to news articles. Expected output?,B,Section B,Latent Dirichlet Allocation
pretest,sectionB_latent_dirichlet_allocation_q6,"Document: 70% Topic A, 30% Topic B. What does it imply?",B,Section B,Latent Dirichlet Allocation
pretest,sectionB_latent_dirichlet_allocation_q7,If number of topics K is too high?,A,Section B,Latent Dirichlet Allocation
pretest,sectionB_latent_dirichlet_allocation_q8,Why remove stopwords before LDA?,B,Section B,Latent Dirichlet Allocation
pretest,sectionB_latent_dirichlet_allocation_q9,"LDA topics have overlapping, unclear keywords. What might be wrong?","Mentions at least one valid reason: wrong K, poor preprocessing, bad parameters, or unsuitable data.",Section B,Latent Dirichlet Allocation
pretest,sectionB_latent_dirichlet_allocation_q10,Propose one real-world application of LDA and how it helps.,Provides one real-world application + brief correct explanation of how LDA is used.,Section B,Latent Dirichlet Allocation
posttest1,sectionA_yearOfStudy,1. Current year of study,,Section A,
posttest1,sectionA_gender,2. Gender,,Section A,
posttest1,sectionA_studentStatus,3. Current status,,Section A,
posttest1,sectionA_selfLearningScale,4. Self-learning ability (1-5),,Section A,
posttest1,sectionA_topicFirst,5. First topic selected for assessment,,Section A,
posttest1,sectionA_topicSecond,6. Second topic selected for assessment,,Section A,
posttest1,sectionA_studiedTopic1,7. Studied Topic 1 before?,,Section A,
posttest1,sectionA_studiedTopic2,8. Studied Topic 2 before?,,Section A,
posttest1,sectionA_familiarityTopic1Scale,9. Familiarity with Topic 1 (1-5),,Section A,
posttest1,sectionA_familiarityTopic2Scale,10. Familiarity with Topic 2 (1-5),,Section A,
posttest1,sectionA_usedGenAi,11. Used GenAI tools for learning?,,Section A,
posttest1,sectionA_aiLearningFrequency,12. Frequency of using AI for learning,,Section A,
posttest1,sectionA_aiToolPrimary,13. AI tool used most,,Section A,
posttest1,sectionA_aiStudyPurpose,14. Primary purpose of using AI,,Section A,
posttest1,sectionA_attendedAiTraining,15. Attended AI course or workshop?,,Section A,
posttest1,sectionB_fuzzy_logic_q1,"What is the term for a mathematical function used in Fuzzy Logic to define the degree of truth of a statement, mapping input values to the interval [0, 1]?",C,Section B,Fuzzy Logic
posttest1,sectionB_fuzzy_logic_q2,The Mamdani-type Fuzzy Inference System typically uses which operator for the implication step?,A,Section B,Fuzzy Logic
posttest1,sectionB_fuzzy_logic_q3,Why is the Center of Gravity (Centroid) method generally considered the most robust defuzzification technique?,B,Section B,Fuzzy Logic
posttest1,sectionB_fuzzy_logic_q4,Explain the consequence of using the Bounded Sum as the S-norm (OR operator) compared to the standard Max operator.,B,Section B,Fuzzy Logic
posttest1,sectionB_fuzzy_logic_q5,"If output sets are aggregated using Max, and Rule 1 firing strength is 0.7, Rule 2 is 0.9, what is the height of combined fuzzy set?",B,Section B,Fuzzy Logic
posttest1,sectionB_fuzzy_logic_q6,"Calculate the membership values for intersection A ∩ B using standard Min operator for sets A={(1,0.2), (2,0.8), (3,0.5)} and B={(1,0.6), (2,0.3), (3,0.9)}.",C,Section B,Fuzzy Logic
posttest1,sectionB_fuzzy_logic_q7,"If input variables and linguistic terms increase, what is the primary consequence concerning the rule base?",C,Section B,Fuzzy Logic
posttest1,sectionB_fuzzy_logic_q8,"Which system is generally faster for real-time control, Mamdani or Sugeno?",C,Section B,Fuzzy Logic
posttest1,sectionB_fuzzy_logic_q9,"Evaluate the trade-off when selecting a narrow versus a wide Membership Function for ""High"" temperature.","The Fuzzy Logic system is likely to produce smoother and less abrupt control actions. This is because it uses continuous Membership Functions, allowing for gradual transitions in the control output as inputs change. The traditional system, with its fixed, sharp thresholds, would cause sudden, discontinuous changes when the input crosses a boundary.",Section B,Fuzzy Logic
posttest1,sectionB_fuzzy_logic_q10,Design a fuzzy rule linking highly certain input state with moderately conservative output action.,"Example Rule: IF Room Temperature IS Cold AND Temperature Change Rate IS Falling, THEN Heater Output IS Maximum (High).",Section B,Fuzzy Logic
posttest1,sectionB_deep_neural_networks_q1,What defines a deep neural network?,B,Section B,Deep Neural Networks
posttest1,sectionB_deep_neural_networks_q2,Which activation function is widely used in modern DNNs?,B,Section B,Deep Neural Networks
posttest1,sectionB_deep_neural_networks_q3,Why are non-linear activation functions important?,B,Section B,Deep Neural Networks
posttest1,sectionB_deep_neural_networks_q4,What is the purpose of backpropagation?,B,Section B,Deep Neural Networks
posttest1,sectionB_deep_neural_networks_q5,What is computed before activation in a neuron?,C,Section B,Deep Neural Networks
posttest1,sectionB_deep_neural_networks_q6,What happens if learning rate is too high?,C,Section B,Deep Neural Networks
posttest1,sectionB_deep_neural_networks_q7,What is the vanishing gradient problem?,B,Section B,Deep Neural Networks
posttest1,sectionB_deep_neural_networks_q8,A DNN shows lower acceptance rates for a specific demographic. What is the likely issue?,C,Section B,Deep Neural Networks
posttest1,sectionB_deep_neural_networks_q9,A highly accurate DNN cannot explain its decisions. What is the main concern?,Mentions underfitting / model too simple / insufficient capacity / poor training,Section B,Deep Neural Networks
posttest1,sectionB_deep_neural_networks_q10,How would you improve fairness in a DNN used for loan approval?,Provides valid application + correct explanation of DNN usage,Section B,Deep Neural Networks
posttest1,sectionC_c1,AI tools help me clarify complex technical concepts more effectively.,,Section C,
posttest1,sectionC_c2,AI is a valuable assistant for summarizing and connecting different parts of the lesson.,,Section C,
posttest1,sectionC_c3,I feel more capable of solving technical exercises when I have AI support.,,Section C,
posttest1,sectionC_c4,I am confident in my ability to explore new technical topics with AI as a guide.,,Section C,
posttest1,sectionC_c5,I proactively verify AI-generated information against official textbooks or slides.,,Section C,
posttest1,sectionC_c6,I can identify if an AI's technical explanation is illogical or incorrect.,,Section C,
posttest1,sectionC_c7,I use AI to get hints or ideas rather than just asking for the final answer.,,Section C,
posttest1,sectionC_c8,I prioritize my own logical reasoning over the solutions suggested by AI.,,Section C,
posttest1,sectionC_c9,"I trust AI's support, but I take full responsibility for the accuracy of my work.",,Section C,
posttest1,sectionC_c10,I am ready to apply this AI-supported learning style to my future studies.,,Section C,
posttest1,sectionB_logistic_regression_q1,What is the primary difference between Linear and Logistic Regression regarding the dependent variable (Y)?,A,Section B,Logistic Regression
posttest1,sectionB_logistic_regression_q2,Which function is applied in Logistic Regression to map the output into a probability range between 0 and 1?,C,Section B,Logistic Regression
posttest1,sectionB_logistic_regression_q3,Why does Logistic Regression use the Sigmoid function instead of directly using the linear equation?,B,Section B,Logistic Regression
posttest1,sectionB_logistic_regression_q4,"In Logistic Regression, what is the formula for the log-odds (logit)?",A,Section B,Logistic Regression
posttest1,sectionB_logistic_regression_q5,"If a Logistic Regression model provides a log-odds value of 0, what is the probability (p)?",B,Section B,Logistic Regression
posttest1,sectionB_logistic_regression_q6,Which cost function is typically minimized for Logistic Regression?,C,Section B,Logistic Regression
posttest1,sectionB_logistic_regression_q7,How should a coefficient β be interpreted in Logistic Regression?,C,Section B,Logistic Regression
posttest1,sectionB_logistic_regression_q8,"If data points are perfectly separated by a linear boundary, what happens to unregularized coefficients?",B,Section B,Logistic Regression
posttest1,sectionB_logistic_regression_q9,"In predicting machine failure, which metric should be prioritized?","Recall (minimizing False Negatives) should be prioritized. A False Negative (missing a machine failure) is usually more costly and dangerous than a False Positive (predicting failure when the machine is fine), as failure can lead to severe operational damage or accidents.",Section B,Logistic Regression
posttest1,sectionB_logistic_regression_q10,How to adapt Binary Logistic Regression for three or more mutually exclusive classes?,"The problem requires Multinomial Logistic Regression (also known as Softmax Regression), which generalizes the sigmoid function to handle multiple classes simultaneously, or using the One-vs-Rest (OvR) approach, which trains separate binary Logistic Regression models for each class against all others.",Section B,Logistic Regression
posttest1,sectionB_recommender_system_q1,Which accuracy metric is specifically noted for placing a higher emphasis on larger deviations between predicted and actual ratings?,B,Section B,Recommender System
posttest1,sectionB_recommender_system_q2,"In the context of Content-based Filtering, what does the Inverse Document Frequency (IDF) aim to achieve?",B,Section B,Recommender System
posttest1,sectionB_recommender_system_q3,Why is Item-based Collaborative Filtering (I2I) often preferred over User-based (U2U) in large-scale commercial systems like Amazon?,C,Section B,Recommender System
posttest1,sectionB_recommender_system_q4,"From the ""Recommendation Perspective,"" what is the primary goal of suggesting items from the ""Long Tail""?",B,Section B,Recommender System
posttest1,sectionB_recommender_system_q5,"If a keyword i appears in every single document in a collection, what will its TF-IDF weight be?",A,Section B,Recommender System
posttest1,sectionB_recommender_system_q6,"In User-based CF, why do we add the weighted difference of neighbors' ratings to the user's own average rating?",B,Section B,Recommender System
posttest1,sectionB_recommender_system_q7,"What is the fundamental disadvantage of using the ""Memory-based"" approach in a real-world system with millions of customers?",C,Section B,Recommender System
posttest1,sectionB_recommender_system_q8,"How does ""Recursive Collaborative Filtering"" address the challenge of sparse datasets?",C,Section B,Recommender System
posttest1,sectionB_recommender_system_q9,A researcher finds very high RMSE but excellent user satisfaction. Why might this happen?,"Filter bubbles isolate users in ideological echo chambers, severely reducing information diversity and reinforcing confirmation bias or societal polarization.",Section B,Recommender System
posttest1,sectionB_recommender_system_q10,"In a Constraint-based system, what is the purpose of calculating ""Minimal Diagnoses""?","Use Content-Based filtering initially to generate recommendations using item metadata, then seamlessly integrate Collaborative Filtering as interaction data accumulates.",Section B,Recommender System
posttest1,sectionB_association_rules_mining_q1,"According to the formal definition of an association rule X -> Y, which condition must be met regarding the relationship between set X and set Y?",B,Section B,Association Rules Mining
posttest1,sectionB_association_rules_mining_q2,"In the apriori_gen procedure, what is the specific condition for joining two (k-1)-itemsets (L1 and L2) to create a candidate k-itemset?",C,Section B,Association Rules Mining
posttest1,sectionB_association_rules_mining_q3,"Why does the Apriori algorithm perform a ""Prune step"" by checking if all (k-1)-subsets of a candidate are frequent?",B,Section B,Association Rules Mining
posttest1,sectionB_association_rules_mining_q4,The ARM problem is decomposed into two sub-problems. What is the primary focus of the first sub-problem?,C,Section B,Association Rules Mining
posttest1,sectionB_association_rules_mining_q5,"Given L2 = { {I1, I2}, {I1, I3}, {I1, I5}, {I2, I3} }. During the generation of C3, which candidate is generated by the Join step but then Pruned?",D,Section B,Association Rules Mining
posttest1,sectionB_association_rules_mining_q6,"Calculate the Confidence of the rule {I1, I3} -> {I2} based on typical transaction data.",C,Section B,Association Rules Mining
posttest1,sectionB_association_rules_mining_q7,"If the minimum support (minSup) is significantly decreased, how does it affect the computational complexity of the Apriori algorithm?",B,Section B,Association Rules Mining
posttest1,sectionB_association_rules_mining_q8,Compare the Support of a rule X -> Y and the Support of its antecedent itemset X. Which statement is always true?,B,Section B,Association Rules Mining
posttest1,sectionB_association_rules_mining_q9,A retail manager discovers a rule with high Confidence but very low Support. How should they evaluate this result?,B,Section B,Association Rules Mining
posttest1,sectionB_association_rules_mining_q10,"How would you modify the has_infrequent_subset procedure to find ""Closed Itemsets""?",Assign risk-severity weights or specialized interest metrics to drug interactions so critical pairs are prioritized regardless of low purchase frequency (support).,Section B,Association Rules Mining
posttest1,sectionB_latent_dirichlet_allocation_q1,"In Latent Dirichlet Allocation (LDA), what does each topic represent?",B,Section B,Latent Dirichlet Allocation
posttest1,sectionB_latent_dirichlet_allocation_q2,What is the role of the Dirichlet distribution in LDA?,C,Section B,Latent Dirichlet Allocation
posttest1,sectionB_latent_dirichlet_allocation_q3,Why is LDA considered a generative probabilistic model?,B,Section B,Latent Dirichlet Allocation
posttest1,sectionB_latent_dirichlet_allocation_q4,What is the key assumption LDA makes about documents?,C,Section B,Latent Dirichlet Allocation
posttest1,sectionB_latent_dirichlet_allocation_q5,"If a document has topic distribution θ = [0.7 Sports, 0.3 Politics], what does this imply?",B,Section B,Latent Dirichlet Allocation
posttest1,sectionB_latent_dirichlet_allocation_q6,"During Gibbs Sampling in LDA, what is iteratively updated?",B,Section B,Latent Dirichlet Allocation
posttest1,sectionB_latent_dirichlet_allocation_q7,What happens if the number of topics K is too large?,B,Section B,Latent Dirichlet Allocation
posttest1,sectionB_latent_dirichlet_allocation_q8,What is a primary ethical concern when using LDA on private messages without consent?,B,Section B,Latent Dirichlet Allocation
posttest1,sectionB_latent_dirichlet_allocation_q9,Which factor is most critical from an ethical standpoint when deploying LDA for user profiling?,"Mentions at least one valid reason: wrong K, poor preprocessing, bad parameters, or unsuitable data.",Section B,Latent Dirichlet Allocation
posttest1,sectionB_latent_dirichlet_allocation_q10,How would you modify an LDA-based system to address privacy concerns?,Provides one real-world application + brief correct explanation of how LDA is used.,Section B,Latent Dirichlet Allocation
posttest1,sectionB_linear_regression_q1,What is the primary goal of Simple Linear Regression?,B,Section B,Linear Regression
posttest1,sectionB_linear_regression_q2,"In the equation Y = β0 + β1X + ϵ, what does ϵ represent?",C,Section B,Linear Regression
posttest1,sectionB_linear_regression_q3,What is the fundamental difference between Simple and Multiple Linear Regression?,B,Section B,Linear Regression
posttest1,sectionB_linear_regression_q4,Explain the meaning of an R-squared value of 0.85 in a model.,B,Section B,Linear Regression
posttest1,sectionB_linear_regression_q5,"Model Price = 50,000 + 100 * SqFt. If a house is 2,000 SqFt, what is the predicted price?",A,Section B,Linear Regression
posttest1,sectionB_linear_regression_q6,Which loss function is most commonly minimized using Ordinary Least Squares (OLS)?,C,Section B,Linear Regression
posttest1,sectionB_linear_regression_q7,"If you observe a parabolic shape in residual plot, what does it indicate?",B,Section B,Linear Regression
posttest1,sectionB_linear_regression_q8,Why check for multicollinearity in Multiple Linear Regression?,B,Section B,Linear Regression
posttest1,sectionB_linear_regression_q9,High-degree polynomial versus simple linear model for future prediction: which generalize better?,"The simple linear regression model is generally preferred for generalization. The high-degree polynomial model, while perfectly fitting the training data, is prone to overfitting, which leads to poor performance on new, unseen data.",Section B,Linear Regression
posttest1,sectionB_linear_regression_q10,Propose a transformation for X when the relationship is exponential.,"Example Transformation: Transform x to logX (logarithmic transformation). This is necessary because Linear Regression assumes a linear relationship between X and Y. The log transformation effectively linearizes the initial exponential relationship, allowing the standard Linear Regression assumptions to be met.",Section B,Linear Regression
posttest1,sectionB_word_embedding_q1,What is the purpose of Word Embedding?,B,Section B,Word Embedding
posttest1,sectionB_word_embedding_q2,Which model is commonly used to learn embeddings?,B,Section B,Word Embedding
posttest1,sectionB_word_embedding_q3,Why are embeddings better than one-hot vectors?,B,Section B,Word Embedding
posttest1,sectionB_word_embedding_q4,What is the difference between CBOW and Skip-gram?,B,Section B,Word Embedding
posttest1,sectionB_word_embedding_q5,"""king - man + woman ≈ ?""",B,Section B,Word Embedding
posttest1,sectionB_word_embedding_q6,"If two words share similar contexts, what happens?",B,Section B,Word Embedding
posttest1,sectionB_word_embedding_q7,What is a limitation of Word2Vec?,B,Section B,Word Embedding
posttest1,sectionB_word_embedding_q8,"A Word2Vec model learns associations like ""doctor → male"" and ""nurse → female"". What does this indicate?",B,Section B,Word Embedding
posttest1,sectionB_word_embedding_q9,Why is bias in word embeddings problematic in real-world applications?,"Mentions at least one: poor training data, small corpus, bad hyperparameters, lack of preprocessing",Section B,Word Embedding
posttest1,sectionB_word_embedding_q10,How would you mitigate bias in word embeddings?,"Provides valid application + correct explanation (e.g., search, recommendation, NLP tasks)",Section B,Word Embedding
posttest2,sectionA_yearOfStudy,1. Current year of study,,Section A,
posttest2,sectionA_gender,2. Gender,,Section A,
posttest2,sectionA_studentStatus,3. Current status,,Section A,
posttest2,sectionA_selfLearningScale,4. Self-learning ability (1-5),,Section A,
posttest2,sectionA_topicFirst,5. First topic selected for assessment,,Section A,
posttest2,sectionA_topicSecond,6. Second topic selected for assessment,,Section A,
posttest2,sectionA_studiedTopic1,7. Studied Topic 1 before?,,Section A,
posttest2,sectionA_studiedTopic2,8. Studied Topic 2 before?,,Section A,
posttest2,sectionA_familiarityTopic1Scale,9. Familiarity with Topic 1 (1-5),,Section A,
posttest2,sectionA_familiarityTopic2Scale,10. Familiarity with Topic 2 (1-5),,Section A,
posttest2,sectionA_usedGenAi,11. Used GenAI tools for learning?,,Section A,
posttest2,sectionA_aiLearningFrequency,12. Frequency of using AI for learning,,Section A,
posttest2,sectionA_aiToolPrimary,13. AI tool used most,,Section A,
posttest2,sectionA_aiStudyPurpose,14. Primary purpose of using AI,,Section A,
posttest2,sectionA_attendedAiTraining,15. Attended AI course or workshop?,,Section A,
posttest2,sectionB_fuzzy_logic_q1,"What is the term for a mathematical function used in Fuzzy Logic to define the degree of truth of a statement, mapping input values to the interval [0, 1]?",C,Section B,Fuzzy Logic
posttest2,sectionB_fuzzy_logic_q2,The Mamdani-type Fuzzy Inference System typically uses which operator for the implication step (applying the rule strength to the output fuzzy set)?,A,Section B,Fuzzy Logic
posttest2,sectionB_fuzzy_logic_q3,Why is the Center of Gravity (Centroid) method generally considered the most robust defuzzification technique?,B,Section B,Fuzzy Logic
posttest2,sectionB_fuzzy_logic_q4,"Explain the consequence of using the Bounded Sum (A ⊕ B = min(1, μA(x) + μB(x))) as the S-norm (OR operator) compared to the standard Max operator.",B,Section B,Fuzzy Logic
posttest2,sectionB_fuzzy_logic_q5,"A system has two rules contributing to the output 'Strong Wind': Rule 1 firing strength is 0.7, and Rule 2 firing strength is 0.9. If the output sets are aggregated using the standard Max (Union) operator, what is the height of the combined fuzzy set 'Strong Wind'?",B,Section B,Fuzzy Logic
posttest2,sectionB_fuzzy_logic_q6,"Given a fuzzy set A = { (1, 0.2), (2, 0.8), (3, 0.5) } and a fuzzy set B = { (1, 0.6), (2, 0.3), (3, 0.9) }. Calculate the membership values for the intersection A ∩ B using the standard Min operator.",C,Section B,Fuzzy Logic
posttest2,sectionB_fuzzy_logic_q7,"In a complex control system, if the number of input variables and the number of linguistic terms per variable both increase, what is the primary consequence concerning the rule base?",C,Section B,Fuzzy Logic
posttest2,sectionB_fuzzy_logic_q8,"Compare a Mamdani FIS that uses the Min operator for implication and the Center of Gravity (COG) for defuzzification versus a Sugeno FIS using weighted average. Which system is generally faster for real-time control, and why?",C,Section B,Fuzzy Logic
posttest2,sectionB_fuzzy_logic_q9,"Evaluate the critical trade-off when selecting a narrow (steep slope) versus a wide (gentle slope) Membership Function for the linguistic term ""High"" in a temperature controller.","The Fuzzy Logic system is likely to produce smoother and less abrupt control actions. This is because it uses continuous Membership Functions, allowing for gradual transitions in the control output as inputs change. The traditional system, with its fixed, sharp thresholds, would cause sudden, discontinuous changes when the input crosses a boundary.",Section B,Fuzzy Logic
posttest2,sectionB_fuzzy_logic_q10,"Design a fuzzy rule that addresses the concept of hedging or uncertainty by linking a highly certain input state with a moderately conservative output action. Use the linguistic variables: Input_Certainty (Very_High, Moderate) and Output_Action (Aggressive, Cautious, Neutral).","Example Rule: IF Room Temperature IS Cold AND Temperature Change Rate IS Falling, THEN Heater Output IS Maximum (High).",Section B,Fuzzy Logic
posttest2,sectionB_fuzzy_logic_q11,"The Eco-Routing system utilizes human courier reports labeled ""heavily congested"" or ""clear"" (Data Source 2). Which Fuzzy Logic component is responsible for taking a precise, real-time traffic density sensor reading (e.g., 45 cars/km) and converting it into a degree of membership for the linguistic term ""Heavily Congested""?",C,Section B,Fuzzy Logic
posttest2,sectionB_fuzzy_logic_q12,"Two control rules contribute to the AEV's desired 'Minimum Speed' state: Rule 1 (Battery is Low) has a derived strength of 0.6, and Rule 2 (Motor Temp is High) has a derived strength of 0.9. If the output fuzzy sets are aggregated (combined) using the standard fuzzy Max operator, what is the height (degree of membership) of the resulting combined fuzzy set 'Minimum Speed'?",B,Section B,Fuzzy Logic
posttest2,sectionB_fuzzy_logic_q13,"The Project Eco-Routing team is choosing between a standard Crisp controller (fixed thresholds) and a Fuzzy Logic controller for the AEV’s motor speed. If the control input (e.g., motor temperature) constantly crosses a sharp, fixed threshold, what is the major drawback of the Crisp Logic system compared to the Fuzzy system?",B,Section B,Fuzzy Logic
posttest2,sectionB_fuzzy_logic_q14,"In Project Eco-Routing, the engineer uses a narrow (steep slope) Membership Function for the linguistic term ""Battery is Low."" What is the primary consequence of using a narrow Membership Function on the sensitivity and stability of the AEV's control system?",C,Section B,Fuzzy Logic
posttest2,sectionB_fuzzy_logic_q15,"Propose a Mamdani-type fuzzy rule for Project Eco-Routing designed to optimize the AEV's operational safety and resource management under worst-case scenarios, using the linguistic inputs: Traffic (High, Low) and Battery (Low, Adequate).",C,Section B,Fuzzy Logic
posttest2,sectionB_deep_neural_networks_q1,What is the main benefit of using Residual Connections in deep networks?,C,Section B,Deep Neural Networks
posttest2,sectionB_deep_neural_networks_q2,Which activation function is most commonly used in modern deep neural networks?,D,Section B,Deep Neural Networks
posttest2,sectionB_deep_neural_networks_q3,Why is Batch Normalization commonly used?,B,Section B,Deep Neural Networks
posttest2,sectionB_deep_neural_networks_q4,What does the vanishing gradient problem cause?,C,Section B,Deep Neural Networks
posttest2,sectionB_deep_neural_networks_q5,What should you do first if you observe exploding gradients?,D,Section B,Deep Neural Networks
posttest2,sectionB_deep_neural_networks_q6,"If your DNN is severely overfitting, which technique is most effective?",D,Section B,Deep Neural Networks
posttest2,sectionB_deep_neural_networks_q7,Why have Transformers largely replaced RNNs in many tasks?,D,Section B,Deep Neural Networks
posttest2,sectionB_deep_neural_networks_q8,What is the main risk when a DNN is used for hiring decisions?,C,Section B,Deep Neural Networks
posttest2,sectionB_deep_neural_networks_q9,What is the biggest concern with highly accurate but black-box DNNs in healthcare?,Mentions underfitting / model too simple / insufficient capacity / poor training,Section B,Deep Neural Networks
posttest2,sectionB_deep_neural_networks_q10,Which approach is best to reduce gender bias in a DNN for loan approval?,Provides valid application + correct explanation of DNN usage,Section B,Deep Neural Networks
posttest2,sectionB_deep_neural_networks_q11,"The team builds a Deep Neural Network to predict customer satisfaction score (1-5) using features from multiple data sources (order history, IoT telemetry, and text sentiment). This is a regression task. Which loss function is most appropriate?",B,Section B,Deep Neural Networks
posttest2,sectionB_deep_neural_networks_q12,"A DNN is trained to classify road conditions (Clear / Congested / Dangerous) from AEV dashcam images (Vision Stream). During training, the validation loss stops decreasing while training loss continues to drop significantly. What problem is occurring?",B,Section B,Deep Neural Networks
posttest2,sectionB_deep_neural_networks_q13,The team uses a Deep Neural Network with 6 hidden layers to predict AEV energy consumption. They observe that adding more layers improves training accuracy but makes the model very slow and unstable during training. What is the most likely cause?,B,Section B,Deep Neural Networks
posttest2,sectionB_deep_neural_networks_q14,"The team has two models for predicting delivery delay (binary classification): Model X: Very deep DNN (many layers) - High training accuracy, moderate validation accuracy. Model Y: Shallower DNN with Residual Connections (ResNet-style) - Slightly lower training accuracy but much better validation accuracy and generalization. Which model should be chosen for real-time deployment and why?",B,Section B,Deep Neural Networks
posttest2,sectionB_deep_neural_networks_q15,"Design a suitable Deep Neural Network architecture for multi-task learning in Project Eco-Routing that simultaneously: (1) predicts delivery delay, (2) estimates customer satisfaction, and (3) detects unsafe road conditions from images.",B,Section B,Deep Neural Networks
posttest2,sectionC_c1,"In the past 2 months, I have actively read extra materials, research papers, or attended courses related to the 2 selected technical topics.",,Section C,
posttest2,sectionC_c2,"I still frequently apply or reference the foundational concepts of these 2 topics in my current projects, assignments, or daily technology discussions.",,Section C,
posttest2,sectionC_c3,"I have continued to use GenAI tools (e.g., ChatGPT, Gemini, Copilot) to explore and deepen my understanding of these technical topics over the last 2 months.",,Section C,
posttest2,sectionC_c4,"When encountering a new or difficult problem within these topics nowadays, my first instinct is still to consult an AI tool before looking elsewhere.",,Section C,
posttest2,sectionC_c5,"After 2 months of independent learning, I feel more capable of analyzing and filtering out the biased or inaccurate technical responses generated by AI.",,Section C,
posttest2,sectionC_c6,I now double-check AI-generated code or mathematical formulas against official documentation more rigorously than I did during the course.,,Section C,
posttest2,sectionC_c7,My trust in AI's capacity to explain highly complex computer science models has consolidated and become more stable over time.,,Section C,
posttest2,sectionC_c8,"I feel that I have become less dependent on AI for straight answers, using it more as a brainstorming partner for technical logic.",,Section C,
posttest2,sectionC_c9,"Without AI tools, I would find it significantly harder to solve the structural and algorithmic problems of these 2 selected topics today.",,Section C,
posttest2,sectionC_c10,The AI-supported learning habits I developed during the Intelligent Systems (IS) course have successfully transferred into my self-study routines for other university subjects.,,Section C,
posttest2,sectionB_logistic_regression_q1,What is the primary difference between Linear Regression and Logistic Regression regarding the dependent variable (Y)?,A,Section B,Logistic Regression
posttest2,sectionB_logistic_regression_q2,Which function is applied in Logistic Regression to map the output of the linear equation into a probability range between 0 and 1?,C,Section B,Logistic Regression
posttest2,sectionB_logistic_regression_q3,Why does Logistic Regression use the Sigmoid function instead of directly using the linear equation Y = b0 + b1*X + e?,B,Section B,Logistic Regression
posttest2,sectionB_logistic_regression_q4,"In Logistic Regression, the log-odds (logit) is defined as the logarithm of the ratio of the probability of success (p) to the probability of failure (1 - p). What is the formula for the log-odds?",A,Section B,Logistic Regression
posttest2,sectionB_logistic_regression_q5,A Logistic Regression model provides a log-odds (logit) value of 0 for a specific customer. What is the calculated probability (p) that this customer belongs to the positive class?,B,Section B,Logistic Regression
posttest2,sectionB_logistic_regression_q6,Which mathematical function is typically minimized as the cost function (loss function) when training a Logistic Regression model?,C,Section B,Logistic Regression
posttest2,sectionB_logistic_regression_q7,How should a coefficient beta be interpreted in Logistic Regression?,C,Section B,Logistic Regression
posttest2,sectionB_logistic_regression_q8,"In a classification dataset, if the data points are perfectly separated by a linear boundary, why might training a standard (unregularized) Logistic Regression model lead to numerical issues?",B,Section B,Logistic Regression
posttest2,sectionB_logistic_regression_q9,"For a system designed to predict whether a manufacturing machine will fail (positive class) or run normally (negative class), which metric should be prioritized and why?","Recall (minimizing False Negatives) should be prioritized. A False Negative (missing a machine failure) is usually more costly and dangerous than a False Positive (predicting failure when the machine is fine), as failure can lead to severe operational damage or accidents.",Section B,Logistic Regression
posttest2,sectionB_logistic_regression_q10,"Propose a specific architecture or method to adapt a Binary Logistic Regression model for a problem with three or more mutually exclusive classes (e.g., predicting Low, Medium, or High risk levels).","The problem requires Multinomial Logistic Regression (also known as Softmax Regression), which generalizes the sigmoid function to handle multiple classes simultaneously, or using the One-vs-Rest (OvR) approach, which trains separate binary Logistic Regression models for each class against all others.",Section B,Logistic Regression
posttest2,sectionB_logistic_regression_q11,"The Eco-Routing system predicts the probability of an AEV motor 'Overheating' (Y=1) based on real-time data from the IoT Sensor Grid. If the Logistic Regression model outputs a log-odds (logit) value of -0.8 for the current motor status, calculate the approximate probability (p) of the AEV motor overheating.",B,Section B,Logistic Regression
posttest2,sectionB_logistic_regression_q12,"A Logistic Regression model predicts the likelihood of a human courier receiving a 'Low Satisfaction Score' (Y=1) based on several factors, including 'Route Distance' (X). If the coefficient for Route Distance is beta = 0.25 (positive), how should this coefficient be interpreted in terms of the risk?",C,Section B,Logistic Regression
posttest2,sectionB_logistic_regression_q13,"The Eco-Routing system is required to predict the binary outcome 'Package Damaged' (Yes/No) based on AEV velocity and road conditions. Why is Logistic Regression, which uses the Sigmoid function, the appropriate choice over standard Linear Regression for this classification task?",B,Section B,Logistic Regression
posttest2,sectionB_logistic_regression_q14,"The system uses Logistic Regression to predict 'Immediate AEV Failure' (Y=1) based on motor diagnostics. Given that the cost of a False Negative (failing to predict a failure that leads to a crash) is extremely high, which evaluation metric should the engineering team prioritize when setting the classification probability threshold?",B,Section B,Logistic Regression
posttest2,sectionB_logistic_regression_q15,"The logistics team wants to extend the predictive capability to classify delivery outcomes into three mutually exclusive levels: 'On Time,' 'Minor Delay,' and 'Major Delay.' What is the required architectural modification to adapt the framework from Binary Logistic Regression to handle this multi-class classification task?",C,Section B,Logistic Regression
posttest2,sectionB_recommender_system_q1,"Which accuracy metric calculates the square root of the average of squared differences between predicted ratings and actual user ratings, thereby placing a heavier penalty on larger prediction errors?",B,Section B,Recommender System
posttest2,sectionB_recommender_system_q2,"In Content-based Filtering systems, what is the primary mathematical purpose of integrating the Inverse Document Frequency (IDF) component into TF-IDF term weighting?",B,Section B,Recommender System
posttest2,sectionB_recommender_system_q3,Why is Item-based Collaborative Filtering often preferred over User-based Collaborative Filtering in massive commercial web systems (like Amazon or Netflix)?,B,Section B,Recommender System
posttest2,sectionB_recommender_system_q4,"From a strategic product perspective, what is the core benefit of designing a recommender engine that successfully suggests niche, obscure items located in the ""Long Tail"" of the distribution?",C,Section B,Recommender System
posttest2,sectionB_recommender_system_q5,"Suppose a user profile vector and an item feature vector are represented in a binary space. If the dot product of these two vectors yields a high value, what does this mathematically imply in a Content-based Filtering framework?",B,Section B,Recommender System
posttest2,sectionB_recommender_system_q6,"In a Memory-based Collaborative Filtering setup, User A and User B have a high Pearson Correlation Coefficient of 0.88. If User A highly rates a newly released item with 5 stars, what rating is the system most likely to predict for User B regarding this identical item?",B,Section B,Recommender System
posttest2,sectionB_recommender_system_q7,"What is the fundamental scalable disadvantage of using a pure ""Memory-based"" (Neighborhood) Collaborative Filtering approach in a production system containing millions of active users and items?",C,Section B,Recommender System
posttest2,sectionB_recommender_system_q8,"How does the ""Recursive Collaborative Filtering"" approach attempt to mitigate the intense challenge of data sparsity within a highly sparse rating matrix?",B,Section B,Recommender System
posttest2,sectionB_recommender_system_q9,"An AI researcher evaluates a new music recommendation system and notes that while the raw offline validation accuracy (RMSE) is poor, live A/B testing yields extremely high user satisfaction and click-through rates. How can you explain this outcome?","Filter bubbles isolate users in ideological echo chambers, severely reducing information diversity and reinforcing confirmation bias or societal polarization.",Section B,Recommender System
posttest2,sectionB_recommender_system_q10,"Imagine you are designing a Hybrid Recommender System architecture specifically tailored to eliminate the ""New User Cold Start"" problem while maintaining high scalability. Propose the most robust combination of methodologies.","Use Content-Based filtering initially to generate recommendations using item metadata, then seamlessly integrate Collaborative Filtering as interaction data accumulates.",Section B,Recommender System
posttest2,sectionB_recommender_system_q11,"Project Eco-Routing deploys a food delivery feature on its platform. A user named Bob frequently orders high-calorie ""Burgers"" and ""Pizzas"" from vendors located within a 2-kilometer radius. If the platform utilizes a Content-based Filtering approach, which item is the system most likely to recommend to Bob next?",B,Section B,Recommender System
posttest2,sectionB_recommender_system_q12,"The platform expands its services to a brand-new residential district. A newly registered restaurant has just uploaded its menu, but no users have ordered from it or rated its items yet. Which specific challenge of Recommender Systems is occurring here, and what is the best strategy to mitigate it using the available data?",C,Section B,Recommender System
posttest2,sectionB_recommender_system_q13,"In User-based Collaborative Filtering, when predicting a rating for an active user on a target restaurant, the system calculates the similarity between users. Why is it a standard practice to subtract a user's average rating from their actual rating (creating a mean-centered rating) before calculating the weighted prediction score?",C,Section B,Recommender System
posttest2,sectionB_recommender_system_q14,"During a sudden torrential downpour, the system must recommend optimized emergency shelter or rest points for the human couriers (shippers) to protect them from flooding. You have two recommendation engines available: Model X: High Precision (When it recommends a shelter, it is guaranteed to be safe and open, but it leaves out many nearby available shelters). Model Y: High Recall (It lists every single potentially available shelter in the area, but accidentally includes some locations that are already flooded or closed). Given that couriers are actively driving in dangerous conditions with depleting phone batteries and cannot afford to travel to a closed location, which metric should you prioritize?",B,Section B,Recommender System
posttest2,sectionB_recommender_system_q15,"To scale up the system to handle tens of millions of customers and items, the memory-based Collaborative Filtering approach becomes computationally impossible at run-time. Propose a model-based recommendation architecture that maps both users and items into a shared, lower-dimensional latent factor space (e.g., of size K) to predict missing ratings via dot products, and specify the primary mathematical technique used.",B,Section B,Recommender System
posttest2,sectionB_association_rules_mining_q1,Which evaluation metric represents the proportion of the total transactions in the database that contain both itemset X and itemset Y simultaneously?,B,Section B,Association Rules Mining
posttest2,sectionB_association_rules_mining_q2,"According to the downward-closure property of support (the Apriori Principle), if an itemset is found to be infrequent (below minSup), what can be strictly concluded about all of its supersets?",B,Section B,Association Rules Mining
posttest2,sectionB_association_rules_mining_q3,"Why does the Apriori algorithm perform a specific ""Prune step"" during candidate generation (Apriori-gen) by checking the frequency of all (k-1)-subsets of a candidate k-itemset?",B,Section B,Association Rules Mining
posttest2,sectionB_association_rules_mining_q4,The Association Rules Mining problem is traditionally decomposed into two distinct sub-problems. What is the primary focus and computational bottleneck handled in the first sub-problem?,C,Section B,Association Rules Mining
posttest2,sectionB_association_rules_mining_q5,"Given a database of 500 grocery transactions. If ""Milk"" appears in 300 transactions, ""Bread"" appears in 200 transactions, and both ""Milk"" and ""Bread"" appear together in 150 transactions, calculate the exact Confidence of the association rule: {Milk} -> {Bread}.",B,Section B,Association Rules Mining
posttest2,sectionB_association_rules_mining_q6,"Utilizing the same database details from Question 5 (500 total transactions, 150 co-occurrences of Milk and Bread), what is the exact Support value for the itemset {Milk, Bread}?",B,Section B,Association Rules Mining
posttest2,sectionB_association_rules_mining_q7,"What is the fundamental structural reason why the FP-Growth algorithm typically runs significantly faster than the Apriori algorithm on large-scale, highly dense transactional datasets?",C,Section B,Association Rules Mining
posttest2,sectionB_association_rules_mining_q8,Consider a frequent itemset X and its subset Y. Compare the Support value of X and the Support value of Y. Which statement is mathematically always true?,B,Section B,Association Rules Mining
posttest2,sectionB_association_rules_mining_q9,A data analyst discovers an association rule that possesses an exceptionally high Confidence level of 95% but a Lift value of 0.82. How should the team critically evaluate the operational value of this rule?,C,Section B,Association Rules Mining
posttest2,sectionB_association_rules_mining_q10,"Suppose you are adapting the traditional association rules mining workflow for a medical safety system where discovering ""Closed Itemsets"" (itemsets where no immediate superset has the same support count) is required to reduce rule redundancy. How would you modify the candidate evaluation procedure?",Assign risk-severity weights or specialized interest metrics to drug interactions so critical pairs are prioritized regardless of low purchase frequency (support).,Section B,Association Rules Mining
posttest2,sectionB_association_rules_mining_q11,"An engineer runs the Apriori algorithm on the ""Interaction Matrix & Order Logs"" database to find items frequently co-purchased by citizens in a single order. Suppose the minimum support threshold is set to 2% and minimum confidence is set to 60%. The system discovers the following rule: {Fast Food} -> {Soft Drink} [Support = 3%, Confidence = 75%]. Which of the following statements is the most accurate interpretation of this result?",B,Section B,Association Rules Mining
posttest2,sectionB_association_rules_mining_q12,"During peak rainy hours, traffic density surges and delivery delays occur frequently. The data team wants to mine association rules where the consequent (Y) is strictly fixed as the item {Delivery Delay} to find environmental factors leading to this state. If they significantly decrease the minimum support threshold (minSup) to capture rare extreme weather events, how will this modification affect the computational complexity of the Apriori algorithm?",C,Section B,Association Rules Mining
posttest2,sectionB_association_rules_mining_q13,"The operational team compares two association rules generated from the order history logs: Rule 1: {Fried Chicken} -> {French Fries} [Support = 10%, Confidence = 70%, Lift = 1.2], Rule 2: {Burger} -> {Napkins} [Support = 5%, Confidence = 85%, Lift = 0.95]. How should the team evaluate these two rules for a cross-selling campaign on the app?",C,Section B,Association Rules Mining
posttest2,sectionB_association_rules_mining_q14,"To optimize space in a regional satellite depot, engineers want to discover ""Closed Itemsets"" from the parcel transaction logs (itemsets where no immediate superset has the exact same support count). How should they mathematically evaluate a candidate itemset C to confirm it qualifies as a Closed Itemset?",B,Section B,Association Rules Mining
posttest2,sectionB_association_rules_mining_q15,The traditional Apriori algorithm suffers from extreme performance bottlenecks when mining large-scale logistics data due to generating millions of candidate itemsets. You are tasked with designing a modified framework that eliminates candidate generation entirely and only scans the database twice by compressing the transactional transaction logs into a frequent-pattern tree structure. Which algorithmic paradigm should you choose to build this framework?,C,Section B,Association Rules Mining
posttest2,sectionB_latent_dirichlet_allocation_q1,"In LDA, what do the hyperparameters alpha and beta represent?",B,Section B,Latent Dirichlet Allocation
posttest2,sectionB_latent_dirichlet_allocation_q2,Which sampling method is most commonly used for inference in LDA?,A,Section B,Latent Dirichlet Allocation
posttest2,sectionB_latent_dirichlet_allocation_q3,Why is LDA considered a generative probabilistic model?,B,Section B,Latent Dirichlet Allocation
posttest2,sectionB_latent_dirichlet_allocation_q4,What is the main difference between LDA and pLSA?,A,Section B,Latent Dirichlet Allocation
posttest2,sectionB_latent_dirichlet_allocation_q5,"If a document has topic distribution theta = [0.6, 0.3, 0.1], what does this mean?",B,Section B,Latent Dirichlet Allocation
posttest2,sectionB_latent_dirichlet_allocation_q6,What happens when the number of topics (K) is set too high in LDA?,B,Section B,Latent Dirichlet Allocation
posttest2,sectionB_latent_dirichlet_allocation_q7,Which of the following is a major limitation of LDA?,A,Section B,Latent Dirichlet Allocation
posttest2,sectionB_latent_dirichlet_allocation_q8,What is a key ethical concern when using LDA on private user messages?,B,Section B,Latent Dirichlet Allocation
posttest2,sectionB_latent_dirichlet_allocation_q9,When is LDA most suitable for a task?,"Mentions at least one valid reason: wrong K, poor preprocessing, bad parameters, or unsuitable data.",Section B,Latent Dirichlet Allocation
posttest2,sectionB_latent_dirichlet_allocation_q10,Which technique is most effective to improve privacy in an LDA-based user profiling system?,Provides one real-world application + brief correct explanation of how LDA is used.,Section B,Latent Dirichlet Allocation
posttest2,sectionB_latent_dirichlet_allocation_q11,"The data team applies LDA on the ""Customer Feedback & Call Center Logs"" (unstructured text data) to discover hidden topics in customer complaints. After training a 5-topic LDA model, one topic shows high probability words: delay, rain, traffic, late, flooded. Which of the following is the most accurate interpretation?",B,Section B,Latent Dirichlet Allocation
posttest2,sectionB_latent_dirichlet_allocation_q12,"When running LDA on tens of thousands of customer reviews, the team notices that increasing the number of topics (K) from 5 to 20 causes the average coherence score to rise initially then drop sharply after K=12. What does this phenomenon indicate?",A,Section B,Latent Dirichlet Allocation
posttest2,sectionB_latent_dirichlet_allocation_q13,"The team compares two topics generated by LDA from courier call logs: Topic A: battery, low, recharge, warning, stop (high probability); Topic B: friendly, fast, polite, helpful, smile (high probability). How should the team evaluate these two topics for operational improvement?",B,Section B,Latent Dirichlet Allocation
posttest2,sectionB_latent_dirichlet_allocation_q14,"The engineering team wants to use LDA topic distributions as features for predicting customer satisfaction (1-5 stars). They notice that documents with high proportion in the ""Damaged Package"" topic consistently receive low satisfaction scores. Which statement is correct?",B,Section B,Latent Dirichlet Allocation
posttest2,sectionB_latent_dirichlet_allocation_q15,"The current LDA model treats each customer review as a single document. However, delivery feedback contains multiple aspects (courier behavior, package condition, timing, etc.). Propose an improved modeling approach using LDA principles to better capture these multiple aspects.",B,Section B,Latent Dirichlet Allocation
posttest2,sectionB_linear_regression_q1,What is the primary goal of Simple Linear Regression?,B,Section B,Linear Regression
posttest2,sectionB_linear_regression_q2,"In the linear regression equation Y = b0 + b1*X + e, what does b1 represent?",B,Section B,Linear Regression
posttest2,sectionB_linear_regression_q3,What is the fundamental difference between Simple Linear Regression and Multiple Linear Regression?,B,Section B,Linear Regression
posttest2,sectionB_linear_regression_q4,Explain the meaning of a coefficient of determination (R2) value of 0.85 in a model.,B,Section B,Linear Regression
posttest2,sectionB_linear_regression_q5,"A model predicts house price (Y) based on square footage (X) with the equation Price = 50,000 + 100 * SqFt. If a house is 2,000 SqFt, what is the predicted price?",A,Section B,Linear Regression
posttest2,sectionB_linear_regression_q6,Which loss function is most commonly minimized during the training of a standard Linear Regression model using the Ordinary Least Squares (OLS) method?,C,Section B,Linear Regression
posttest2,sectionB_linear_regression_q7,"When performing residual analysis, if you observe a distinct pattern (e.g., a parabolic shape) in the plot of residuals versus fitted values, what does this indicate about the linear regression model?",B,Section B,Linear Regression
posttest2,sectionB_linear_regression_q8,"Why is it crucial to check for multicollinearity in Multiple Linear Regression, and what statistical measure is often used to detect it?",B,Section B,Linear Regression
posttest2,sectionB_linear_regression_q9,"Evaluate the trade-off between using a high-degree polynomial regression model (which perfectly fits the training data) versus a simple linear regression model for future prediction. Which model is generally preferred for generalization, and why?","The simple linear regression model is generally preferred for generalization. The high-degree polynomial model, while perfectly fitting the training data, is prone to overfitting, which leads to poor performance on new, unseen data.",Section B,Linear Regression
posttest2,sectionB_linear_regression_q10,"Propose a hypothetical feature transformation (e.g., squaring, logging) for the independent variable X in a dataset where the relationship between X and Y is initially exponential, and briefly explain why this transformation is necessary for Linear Regression.","Example Transformation: Transform x to logX (logarithmic transformation). This is necessary because Linear Regression assumes a linear relationship between X and Y. The log transformation effectively linearizes the initial exponential relationship, allowing the standard Linear Regression assumptions to be met.",Section B,Linear Regression
posttest2,sectionB_linear_regression_q11,"The Eco-Routing system estimates the Estimated Time of Arrival (ETA, in minutes, Y) based on Distance (km, X) using the Simple Linear Regression model: Y = 3 + 1.8 * X. If an AEV has a distance of 15 km to cover, what is the predicted ETA?",C,Section B,Linear Regression
posttest2,sectionB_linear_regression_q12,"A Multiple Linear Regression (MLR) model predicts the AEV's Energy Consumption (Y, kWh) based on Motor Temperature (X1) and Average Speed (X2). If the coefficient beta 1 (for Motor Temperature) is 0.05, assuming all other factors remain constant, what is the statistical meaning of this finding?",C,Section B,Linear Regression
posttest2,sectionB_linear_regression_q13,"Eco-Routing engineers observe that two input variables for the prediction model (Delay Time X1 and Traffic Level X2, both derived from the IoT Sensor Grid) are nearly perfectly correlated (r > 0.95). What severe statistical problem occurs when running Multiple Linear Regression (MLR) with these two variables?",B,Section B,Linear Regression
posttest2,sectionB_linear_regression_q14,"An MLR model predicting customer satisfaction (Y, scale 1-5) has a very high Coefficient of Determination (R2 = 0.92). However, upon inspecting the Residual Plot, the residual points form a distinct U-shape (parabolic pattern). Which evaluation is correct?",C,Section B,Linear Regression
posttest2,sectionB_linear_regression_q15,"Data from the IoT Sensor Grid shows that the relationship between Distance Traveled (X) and Remaining Battery Capacity (Y) is non-linear, where the rate of battery depletion slows down as distance increases (diminishing returns). To enable the use of standard Linear Regression, propose a common transformation for the independent variable X.",C,Section B,Linear Regression
posttest2,sectionB_word_embedding_q1,What is the key advantage of FastText over Word2Vec?,C,Section B,Word Embedding
posttest2,sectionB_word_embedding_q2,Why do static embeddings (e.g. Word2Vec) struggle with polysemy?,C,Section B,Word Embedding
posttest2,sectionB_word_embedding_q3,What is the main advantage of contextual embeddings (e.g. BERT) over static embeddings?,D,Section B,Word Embedding
posttest2,sectionB_word_embedding_q4,"In the analogy ""king - man + woman ≈ ?"", what is the expected result?",D,Section B,Word Embedding
posttest2,sectionB_word_embedding_q5,How can you best evaluate the quality of word embeddings?,D,Section B,Word Embedding
posttest2,sectionB_word_embedding_q6,"What type of bias is shown if ""doctor"" is closer to ""man"" and ""nurse"" to ""woman""?",D,Section B,Word Embedding
posttest2,sectionB_word_embedding_q7,What is a major limitation of GloVe compared to BERT?,A,Section B,Word Embedding
posttest2,sectionB_word_embedding_q8,Why is bias in word embeddings dangerous in real applications?,C,Section B,Word Embedding
posttest2,sectionB_word_embedding_q9,Which method is most effective for reducing bias in word embeddings?,"Mentions at least one: poor training data, small corpus, bad hyperparameters, lack of preprocessing",Section B,Word Embedding
posttest2,sectionB_word_embedding_q10,Which approach is best for creating good word embeddings for Vietnamese?,"Provides valid application + correct explanation (e.g., search, recommendation, NLP tasks)",Section B,Word Embedding
posttest2,sectionB_word_embedding_q11,"The team trains Word Embeddings on the customer feedback corpus. The vector for ""delay"" is very close to the vectors of ""late"", ""traffic"", and ""rainy"". What does this closeness indicate?",A,Section B,Word Embedding
posttest2,sectionB_word_embedding_q12,"When using pre-trained Word Embeddings (e.g., Word2Vec or GloVe) trained on general English data versus embeddings trained specifically on the logistics customer review corpus, which one is generally better for understanding domain-specific terms like ""satellite depot"", ""last-mile"", ""AEV"", and ""gig-shipper""?",B,Section B,Word Embedding
posttest2,sectionB_word_embedding_q13,"The team observes that in the trained embedding space: vector(""courier"") - vector(""human"") + vector(""AEV"") is close to vector(""autonomous""). What capability of Word Embedding does this example demonstrate?",A,Section B,Word Embedding
posttest2,sectionB_word_embedding_q14,"The team wants to use Word Embeddings to automatically detect negative courier behavior from call transcripts. They average all word vectors in a review to get a document vector, then train a classifier. What is a major limitation of this approach?",A,Section B,Word Embedding
posttest2,sectionB_word_embedding_q15,"To better capture contextual meaning in customer complaints (e.g., the word ""slow"" can mean slow delivery or slow response depending on context), which advanced embedding technique should the team adopt instead of static Word2Vec/GloVe?",B,Section B,Word Embedding
