student_id,submission1_score,submission2_score,submission3_score,submission4_score,final_score,submission1_link,submission2_link,submission3_link,submission4_link,final_link
STUDENT_001,10,0,10,10,9,https://eaai-com-ui-production.up.railway.app/api/journal/shared/S73ae39f71/196?sig=d7aa213df850580ee54b82bda36a77edca572c88df101753c57ae13536bbf095,,https://eaai-com-ui-production.up.railway.app/api/journal/shared/S73ae39f71/375?sig=4dbd97f564465ae550c80771fdcfa47610b93a4e297d94e4bba69e2b21e31628,https://eaai-com-ui-production.up.railway.app/api/journal/shared/S73ae39f71/493?sig=5ef86e7b45c4c12d8dbfe488f9048169bc1593741e391163f79b5246ddf72534,https://eaai-com-ui-production.up.railway.app/api/journal/shared/S73ae39f71/709?sig=5a5496dc3807065762cc17e886f365b24c11c62a9857d8986ffe764057f3c567
STUDENT_002,10,10,10,10,9.75,https://eaai-com-ui-production.up.railway.app/api/journal/shared/Sc075ee4ad/186?sig=a853c70f041d5b57d5d43e1a5b52722796602b03e462a6d050e3ee9be08b88a7,https://eaai-com-ui-production.up.railway.app/api/journal/shared/Sc075ee4ad/293?sig=577f7347627bca55b40ec1df14c25c73e6b07ed48be1370be4cb9ce69efab0cb,https://eaai-com-ui-production.up.railway.app/api/journal/shared/Sc075ee4ad/361?sig=be4c47f9010e479bdfbbee9e93271f9572ba9974c1c8cc9294284c278aaefc36,https://eaai-com-ui-production.up.railway.app/api/journal/shared/Sc075ee4ad/475?sig=2b14f5b44f56eca13a892ea32c4dc3aa9638d213c02a0c7eef43eb32d5a5af97,https://eaai-com-ui-production.up.railway.app/api/journal/shared/Sc075ee4ad/624?sig=473e5cbdad4e9b59b5e199283502cab65d9d3dad8f57b3cf0bb2881b4016ee94
STUDENT_003,8,7,7,6,7.75,https://eaai-com-ui-production.up.railway.app/api/journal/shared/Saf0ed4283/216?sig=ae11b01e6e6b5013a3ff4226ff767763cddee557951171f8e46fcd7bcb3b65be,https://eaai-com-ui-production.up.railway.app/api/journal/shared/Saf0ed4283/334?sig=3060ac019ebb461c556079bef0b1ba123ff26d6b5b4c94803f2755aa285aa91f,https://eaai-com-ui-production.up.railway.app/api/journal/shared/Saf0ed4283/462?sig=3721c48e48f00e37befdf6e0eaad1d1d76deae0528912c8db47f0332cfc9e5bc,https://eaai-com-ui-production.up.railway.app/api/journal/shared/Saf0ed4283/491?sig=6951889ae5136bcf43104258e8409b09c11faebe444ece4208ec036e71ba2398,https://eaai-com-ui-production.up.railway.app/api/journal/shared/Saf0ed4283/617?sig=c72b05e56279f9eef454208e04a95e453e72a53eb333aaae8cb00c0db7889876
STUDENT_004,9,9,10,10,10,https://eaai-com-ui-production.up.railway.app/api/journal/shared/S54b9c2cad/113?sig=fdd3a9c65394162284d38eab6bd0afc2f25c940051ce74e4293d198dc38944fc,https://eaai-com-ui-production.up.railway.app/api/journal/shared/S54b9c2cad/236?sig=a8786b060e1f3ef04516fff5c69ec959138e6531be59837f592b7ab911a4bbab,https://eaai-com-ui-production.up.railway.app/api/journal/shared/S54b9c2cad/452?sig=dc5b7eccd7004e9e0706b51fd62ec23498cd71578f376fff600113293815c1b1,https://eaai-com-ui-production.up.railway.app/api/journal/shared/S54b9c2cad/504?sig=ae8de34d13afd7d5d762fdb6999eace89803e65455cedf8b4e09615c711c92fa,https://eaai-com-ui-production.up.railway.app/api/journal/shared/S54b9c2cad/705?sig=860dbd0c1879f955dcf7f8bc37d7c01666e0bac080142df6741944e0074fc319
STUDENT_005,10,9.5,10,10,9,https://eaai-com-ui-production.up.railway.app/api/journal/shared/S4b30ce6cb/211?sig=ae6f530488c55d5b121eeb18a7362a275f1d187c475001567a4333f828ee2eda,https://eaai-com-ui-production.up.railway.app/api/journal/shared/S4b30ce6cb/348?sig=c2dfb0fb7e1f91a9eeab18d65fcd81d762f100e9ba06ad00633f33e3fb0b38da,https://eaai-com-ui-production.up.railway.app/api/journal/shared/S4b30ce6cb/457?sig=d690c3ff49b55bd8e8f41b4db2574a3c5a31199724fd9af99f880e4a1e3269a0,https://eaai-com-ui-production.up.railway.app/api/journal/shared/S4b30ce6cb/589?sig=f2c3e85053e7d1190734a553ae704fc5c0592986529ac3f466e3e7a2c90ac521,https://eaai-com-ui-production.up.railway.app/api/journal/shared/S4b30ce6cb/693?sig=224cfaeae99cb9724a773160bf7cf14a68e96fa76f5f1c8f8402d2cc06f71254
STUDENT_006,9,0,0,9,9,https://eaai-com-ui-production.up.railway.app/api/journal/shared/S4139b7b24/205?sig=4ceca9c8df780a6e5bdedb2a232778407f9c4632327bfebce8ac0301f1729e1b,,,https://eaai-com-ui-production.up.railway.app/api/journal/shared/S4139b7b24/570?sig=4bf4649befb8927d3413f9d259544a7a642c971a5e0dee8530fa53b4a1f0460a,https://eaai-com-ui-production.up.railway.app/api/journal/shared/S4139b7b24/692?sig=13bd34e91e3134ff5560530eba24be56abf7dd18ba433bfcaa2f7e90ae0d9daf
STUDENT_008,9,8.5,8,8,9,https://eaai-com-ui-production.up.railway.app/api/journal/shared/S70995ab49/13?sig=abe677ce03318b2e333eeddacbec0507a4c952651e6e9f8c2b5acc67959b4960,https://eaai-com-ui-production.up.railway.app/api/journal/shared/S70995ab49/251?sig=810e5e59b21d2fa97e7a4bfdf3a034a1baf6abda0a537ad2e0f8a4426eca95b1,https://eaai-com-ui-production.up.railway.app/api/journal/shared/S70995ab49/408?sig=62257a6e0ee3d23e466beab9f4271f500ea08e9fd5467a8e5b8b9ae1a4e7c8f8,https://eaai-com-ui-production.up.railway.app/api/journal/shared/S70995ab49/467?sig=5766d2697b8daa1079e3b84852c6ed1945c5997fe65c51963f66798119f0f2a6,https://eaai-com-ui-production.up.railway.app/api/journal/shared/S70995ab49/612?sig=3b68ab107559a3fad8676f41a995b10e7d523da9328588063b8f07ee119870c1
STUDENT_009,0,0,10,10,9.5,,,https://eaai-com-ui-production.up.railway.app/api/journal/shared/S54c90c6ea/379?sig=6a580db0eba88ede380f303e34d12a6517817d60c0f13353b558877463081579,https://eaai-com-ui-production.up.railway.app/api/journal/shared/S54c90c6ea/569?sig=58739417bb61da56f91d93b8667a8313b37cfccff69d10d893213da0c296b7fc,https://eaai-com-ui-production.up.railway.app/api/journal/shared/S54c90c6ea/658?sig=ddc7bfa383a6184bd24e8a30ee3d44cd23a009e7a9f16257c77f63fa67ab7d36
STUDENT_010,9,9,10,9,9,https://eaai-com-ui-production.up.railway.app/api/journal/shared/Sbe20c60a6/175?sig=76102a0649908128de2ae675a312164e20b6b7e64b10d9c2f7070233af26856f,https://eaai-com-ui-production.up.railway.app/api/journal/shared/Sbe20c60a6/245?sig=478050ceb6ffdcdc2b0df1918555a90a0c76146f05d9cefa6adb2c81b0551c12,https://eaai-com-ui-production.up.railway.app/api/journal/shared/Sbe20c60a6/390?sig=068cf9f0be1a489c66f736b2c8944a34cdc42b17af3733db83253282be041656,https://eaai-com-ui-production.up.railway.app/api/journal/shared/Sbe20c60a6/531?sig=97089d83adf84b4654afb80d5bb514a3708ce20e902b48d8ca59309f1c063908,https://eaai-com-ui-production.up.railway.app/api/journal/shared/Sbe20c60a6/619?sig=ab504004987fbf291a7b2429b44f5ef9447ca192d6243bf0e5d2ab1cfe12f289
STUDENT_011,8.5,8.5,0,8.5,8,https://eaai-com-ui-production.up.railway.app/api/journal/shared/S78df41cf0/207?sig=4c3bc3fcdecf014b58c3374b958ab80e484f70c2ccc46a4f548eb3feb7811b6e,https://eaai-com-ui-production.up.railway.app/api/journal/shared/S78df41cf0/335?sig=f1442c38a7a6da484c02125e29dfa74f42ad76e92f0e36a9f6faf64b3227b9d2,,https://eaai-com-ui-production.up.railway.app/api/journal/shared/S78df41cf0/562?sig=3b2d84b866861ee9655d9b1db6dc33c58310809ffebea403bee5432691b61db2,https://eaai-com-ui-production.up.railway.app/api/journal/shared/S78df41cf0/660?sig=f16fc37849a8ce8ab02d9c6eff6a547432bf01892f7548dfb18510a1b4dd7291
STUDENT_012,9,9,9.5,10,9.2,https://eaai-com-ui-production.up.railway.app/api/journal/shared/Saad673156/174?sig=e4f3464cef491b5a4f6609f5ebe974a3e3a3fbee53a832547676a254dc474882,https://eaai-com-ui-production.up.railway.app/api/journal/shared/Saad673156/331?sig=7d7b5567860531dd6425ef7256028cb259ca73a1bc5e9fb45522e0f6bebaa999,https://eaai-com-ui-production.up.railway.app/api/journal/shared/Saad673156/451?sig=b0f87bb644e2ed20a40606c4bbc6f8b9ea83898978c8e6100d61ccbfdfd336df,https://eaai-com-ui-production.up.railway.app/api/journal/shared/Saad673156/533?sig=06c92759beefb219668ad64f409b072bcf8fdb36410dbe77f902112ad8f3b7e0,https://eaai-com-ui-production.up.railway.app/api/journal/shared/Saad673156/603?sig=5b282cc13a3a1ce282242289a29498def0081cc8ea4887cad8110d36508f67af
STUDENT_013,10,10,10,10,9.5,https://eaai-com-ui-production.up.railway.app/api/journal/shared/Sde7f3ed7b/225?sig=3cc9665d942cc23f22bdd18e596db19584d8f5a5b89c10ac37bdf89c2c7b6948,https://eaai-com-ui-production.up.railway.app/api/journal/shared/Sde7f3ed7b/345?sig=136c76a77cd45f459eb4b12ec2a9a8ed083e2c6385d28ca6c026b90c95b0f949,https://eaai-com-ui-production.up.railway.app/api/journal/shared/Sde7f3ed7b/455?sig=37770a4933b48f844111deacbb7993d1a6cc85d8d2b0ea13af99df92f28ffca2,https://eaai-com-ui-production.up.railway.app/api/journal/shared/Sde7f3ed7b/571?sig=c384cae9b8cf4a68969285015cab52e08635c8fc51525abecda4d9e8e73eb8d2,https://eaai-com-ui-production.up.railway.app/api/journal/shared/Sde7f3ed7b/701?sig=117cee58435000f3ead437af2b14f8394671023bdd750132da48e1bface44149
STUDENT_014,,,,,,https://eaai-com-ui-production.up.railway.app/api/journal/shared/S2d7d7d4a0/191?sig=8037f8bae564bfb67ca703fa7c553efbc6d410fa32d2c61515852a80795bf9f7,https://eaai-com-ui-production.up.railway.app/api/journal/shared/S2d7d7d4a0/258?sig=9493b7da9e453e83f71019cfd22342e9093b8b52394fa080200b649856f45510,https://eaai-com-ui-production.up.railway.app/api/journal/shared/S2d7d7d4a0/405?sig=2309447c3fc9a0160ce80ef65fa6222923aecd79293670fa6eb3500fc16739fe,https://eaai-com-ui-production.up.railway.app/api/journal/shared/S2d7d7d4a0/527?sig=106bc16b72cb702e6420e8d7b974eb511a574969ecd340811ee6c2f4ea15fe99,https://eaai-com-ui-production.up.railway.app/api/journal/shared/S2d7d7d4a0/633?sig=ec67f8493e6d6facc089efe11d5a95fb6641a6eb12b5c7d0f8fffa094bde0d3a
STUDENT_015,10,10,10,10,9.25,https://eaai-com-ui-production.up.railway.app/api/journal/shared/S0c7375965/227?sig=f4da8b45707a732a08a65dfeb349e959e7dd68e1682a8cdef12a2b457e04307e,https://eaai-com-ui-production.up.railway.app/api/journal/shared/S0c7375965/246?sig=bcf57e40c99031500b9a929e4b0939486565910952efd08f311138fe99ac6c70,https://eaai-com-ui-production.up.railway.app/api/journal/shared/S0c7375965/434?sig=f5018a5b027888add3f8c8cb58af7fd72c1235d043ea87f400c213b855856a9e,https://eaai-com-ui-production.up.railway.app/api/journal/shared/S0c7375965/521?sig=f81ce00955172cd803dbff0646bcd1e7eb5021b53385ce7fd9ee7b18d30b26ca,https://eaai-com-ui-production.up.railway.app/api/journal/shared/S0c7375965/636?sig=e7e3eda86bdea3ab4415a51445e0d1f8bb4482c7e61e842f0390c37b627c1ab2
STUDENT_016,8.25,8.25,8.25,8.25,7.5,https://eaai-com-ui-production.up.railway.app/api/journal/shared/S64e4898f8/194?sig=edcd4ce372fb2fa6d58b6a50002440e0e5831e4d720887b8f41b7626467c77c2,https://eaai-com-ui-production.up.railway.app/api/journal/shared/S64e4898f8/303?sig=78f7aea0c3854eb7116afc65a9960515f1515679b96390aaec2862c28bb247ed,https://eaai-com-ui-production.up.railway.app/api/journal/shared/S64e4898f8/386?sig=3e35175cd0be18e82f55b5cdaa7d34980d06c3164f01d0e7b5d6d1cdb5003ae4,https://eaai-com-ui-production.up.railway.app/api/journal/shared/S64e4898f8/528?sig=1cb1eb4b74e1ad8ae60ca403f22d5d4d093be2254840c509e5c8aa5fb9111e0c,https://eaai-com-ui-production.up.railway.app/api/journal/shared/S64e4898f8/647?sig=9e389e9d376b301fcbade44887c487a23c5866cb48636b1126dacaf76568b8a2
STUDENT_017,9,9,9,9,9.5,https://eaai-com-ui-production.up.railway.app/api/journal/shared/S17e0ba00d/228?sig=aa79cc66f0531e97f898bc9473d4e0fcf3cf68647193b44080390405443b773d,https://eaai-com-ui-production.up.railway.app/api/journal/shared/S17e0ba00d/270?sig=c208ad7247dcc91d9a4d8ec6ff1d703ba837f7d9954b1db57ae73d6d34c8793d,https://eaai-com-ui-production.up.railway.app/api/journal/shared/S17e0ba00d/440?sig=c43f3e05405343acc2acd3d6fc6d00d9a7d2527e302f0a64e0f429f0d29dc15b,https://eaai-com-ui-production.up.railway.app/api/journal/shared/S17e0ba00d/551?sig=12fc6927856edec1ae020a566b3898d7f936db628a6c8fe488cd909354e3f431,https://eaai-com-ui-production.up.railway.app/api/journal/shared/S17e0ba00d/607?sig=c90d592d64a7713b791f18d9b76aa1d5017ca93f684e49ce849ecc3defb0ac9a
STUDENT_018,0,,,,,,https://eaai-com-ui-production.up.railway.app/api/journal/shared/Sc7e90a908/264?sig=788bd1a44b141a90164df0191cad68a7453ec82476866fe8adb88cae862dc0d8,https://eaai-com-ui-production.up.railway.app/api/journal/shared/Sc7e90a908/458?sig=eee8ff6845069719093f894f270a9a188e848f7776bb6f63f055e7c85a8555da,https://eaai-com-ui-production.up.railway.app/api/journal/shared/Sc7e90a908/581?sig=58e03ec43f1a668da954c94ffff1379e83de8103cec735d99ecacbd831e3a52c,https://eaai-com-ui-production.up.railway.app/api/journal/shared/Sc7e90a908/694?sig=8d8cb737ee1e447c49f68b5452bfff8b54858fd97196ceff2f665956e33ff9a2
STUDENT_019,9,9,9,9,8.5,https://eaai-com-ui-production.up.railway.app/api/journal/shared/S19d54ef46/198?sig=c835414d94bde8eb9b5272a13edbb0a7fa83ece12756d4097c78bab65c51e270,https://eaai-com-ui-production.up.railway.app/api/journal/shared/S19d54ef46/268?sig=ab97974255999789d778f3015f408981b22cb0120941f18ca893bf2fe71f21e1,https://eaai-com-ui-production.up.railway.app/api/journal/shared/S19d54ef46/441?sig=8d25311c1e75048a07179b43fc357dcb68c3b129ec800a71cc8e9713aa9f0de6,https://eaai-com-ui-production.up.railway.app/api/journal/shared/S19d54ef46/511?sig=279dbaa607e69c85f1c985443d2f47cc57fb464fb8aa70ff2afa4c7cee4d8939,https://eaai-com-ui-production.up.railway.app/api/journal/shared/S19d54ef46/719?sig=3fdf01cb852266424a9d46e6f6b0a26fc06a1e903133f0f7bc13fdd82d0c3323
STUDENT_020,9,9,10,10,9,https://eaai-com-ui-production.up.railway.app/api/journal/shared/S18d417f4c/125?sig=2e36048b160139477c7fba0fa1c8906bfb5ae47a6e92e342ff203c5ba4470c70,https://eaai-com-ui-production.up.railway.app/api/journal/shared/S18d417f4c/286?sig=f9e6af85844c811f473893624d310423d33080d7ec99c7be8885a4e1f703c241,https://eaai-com-ui-production.up.railway.app/api/journal/shared/S18d417f4c/402?sig=fb37a99eef6cb00656d4c51167f45606336041e9fcb1cd8035bf598c53092651,https://eaai-com-ui-production.up.railway.app/api/journal/shared/S18d417f4c/548?sig=353dd0d7323d99db3bd3e2401bc2be072cb9c8574870fedd432d9f783f9aae40,https://eaai-com-ui-production.up.railway.app/api/journal/shared/S18d417f4c/671?sig=30b5364143cdb5773ee3a54d868184503670c3e0f41b6f605d79488733eb8bed
STUDENT_021,10,10,10,10,9.5,https://eaai-com-ui-production.up.railway.app/api/journal/shared/S7b1eaa8e8/172?sig=461e9460a6dc1bb99d9f2657aa0db94195701fe2c5bb959fc77b8a2c05062054,https://eaai-com-ui-production.up.railway.app/api/journal/shared/S7b1eaa8e8/302?sig=1e6323876642092c24f5a14bdc1b26543df57ebe1ef37255afc95c14b56ab512,https://eaai-com-ui-production.up.railway.app/api/journal/shared/S7b1eaa8e8/383?sig=e56313abce778cd0a40f3b5e39b89a8ad1da39af10c264e98d6e6315febc612b,https://eaai-com-ui-production.up.railway.app/api/journal/shared/S7b1eaa8e8/537?sig=d0927e2fedebb1d13ca8efe05d28fb83c496e566cde3c661651a28904a890bcc,https://eaai-com-ui-production.up.railway.app/api/journal/shared/S7b1eaa8e8/695?sig=c23970739abd5a93baa31dc478c6804c5f5f8fb551f204d73a481e72b01157f7
STUDENT_022,10,10,10,10,8.5,https://eaai-com-ui-production.up.railway.app/api/journal/shared/Se385d8dd8/20?sig=d45bea82baab358e58bd8fba18d32f6d02bbe97e25f326d787b4b76f1b3801ec,https://eaai-com-ui-production.up.railway.app/api/journal/shared/Se385d8dd8/257?sig=73963a8ce352f2d096cc0c6e22aeb03396d0eff8e1fb983102127ba9b860e0ea,https://eaai-com-ui-production.up.railway.app/api/journal/shared/Se385d8dd8/364?sig=6c19f8f5e4185dc8173f5480262b26803fbd33d85868456b412a9ec037aa696e,https://eaai-com-ui-production.up.railway.app/api/journal/shared/Se385d8dd8/478?sig=9774a3331a09321dadf311b3dc580dacfb71851ae72ce5f4b4629d1ab39564ea,https://eaai-com-ui-production.up.railway.app/api/journal/shared/Se385d8dd8/620?sig=065bfbe22f40ab027633344c86b59366066ff5b124f67e99264596b4417af25f
STUDENT_023,8,8,10,0,9,https://eaai-com-ui-production.up.railway.app/api/journal/shared/Sa359884d7/206?sig=93b9b3029cfe9c6d467174b8af27f0c19614537a81839a00483c0e28176f8f19,https://eaai-com-ui-production.up.railway.app/api/journal/shared/Sa359884d7/323?sig=be71197b02a8fc3f9c7c4b17afbf98f62c901b5ba37af7071eed9ef6d86c85dc,https://eaai-com-ui-production.up.railway.app/api/journal/shared/Sa359884d7/433?sig=e070a967ccffa7a6189a01fad81a3c55088f5dc548c6ba9eb398d1ce38764108,,https://eaai-com-ui-production.up.railway.app/api/journal/shared/Sa359884d7/697?sig=fd04651fd847c1a5768182ed04bf66f2bbf95bae260f754e341d3ffb35a2602e
STUDENT_024,9,9,10,9,9,https://eaai-com-ui-production.up.railway.app/api/journal/shared/S70b57a150/201?sig=716775229e17f7bdadae69ecef32059141789c95c070a201b60ea8c3e9fb933e,https://eaai-com-ui-production.up.railway.app/api/journal/shared/S70b57a150/291?sig=ad6298ed7adbe802331defcfa6c2adcd709397f08a7dd5b68fbfa213af6de680,https://eaai-com-ui-production.up.railway.app/api/journal/shared/S70b57a150/459?sig=510779d634746e12e5239ec7af52a022bc88003ca2412e399c26cad2110cd926,https://eaai-com-ui-production.up.railway.app/api/journal/shared/S70b57a150/545?sig=b674204e43fcf9b1a4273f51bebb7ad454219ea494e8cc213071205fd5807819,https://eaai-com-ui-production.up.railway.app/api/journal/shared/S70b57a150/699?sig=e4c635d850c26c27167a0e7e2cd2b0c38771d143336c7b6b4abe6ffeb0c39a55
STUDENT_026,0,10,10,9.5,9.5,,https://eaai-com-ui-production.up.railway.app/api/journal/shared/S16896b29b/231?sig=40f6fa3bddb9a172a0d8fda553c956334fa2c7c0f6034632286671fd12167bb6,https://eaai-com-ui-production.up.railway.app/api/journal/shared/S16896b29b/360?sig=b56e008d3c769fc864fda1c656eaf51126a469bb929b2d97d02788c7ace41749,https://eaai-com-ui-production.up.railway.app/api/journal/shared/S16896b29b/498?sig=2612344835c9303a0346fe326281e3dc65afab4e82e1a3b8f1fc3fa8f7969b7c,https://eaai-com-ui-production.up.railway.app/api/journal/shared/S16896b29b/599?sig=89292c9dcaf66df7a9743eb174ed65c33a8183d4455e85b645cbadfebf9759f9
STUDENT_027,9,9,10,10,9.5,https://eaai-com-ui-production.up.railway.app/api/journal/shared/S4b1e16c76/168?sig=79ccab041ca401c5607cc349841eab34783344587646c8d3bed2673eedf77571,https://eaai-com-ui-production.up.railway.app/api/journal/shared/S4b1e16c76/281?sig=c6768a1c7277b7ee1e7aac07381bf043014ab6524a4cb467b0884eb99c3b1167,https://eaai-com-ui-production.up.railway.app/api/journal/shared/S4b1e16c76/359?sig=496292f900cfd1f853f3cf3f7e679167b2762363307d4aad1ad4ddf4ef857cb6,https://eaai-com-ui-production.up.railway.app/api/journal/shared/S4b1e16c76/505?sig=593d1dc1b71716bb46bd8749d1738b3e73176c9f5f722210392ae525071e40ff,https://eaai-com-ui-production.up.railway.app/api/journal/shared/S4b1e16c76/684?sig=7c7c3757a4dbeb894a78af755408b80b209b24d624e005fde7a099c9efbcec83
STUDENT_028,8.5,8.5,8.5,8.5,9,https://eaai-com-ui-production.up.railway.app/api/journal/shared/S4b166c72c/140?sig=e5bc870c7378554756e1ffcd76a25b33a2caa52a9ae1bc5796ab89e1ce83c736,https://eaai-com-ui-production.up.railway.app/api/journal/shared/S4b166c72c/249?sig=7ab3de9348845084064d00ad76e445268137e1abb5c64e07dfb5225fd7f72014,https://eaai-com-ui-production.up.railway.app/api/journal/shared/S4b166c72c/376?sig=90d178b8463e43ff99446e07f9b74da18b0d2a5d6e17f125e2a234a2bb8d28d7,https://eaai-com-ui-production.up.railway.app/api/journal/shared/S4b166c72c/483?sig=28bf68a1fdb2c51310d67e4793a4a6056499e1c1797d6354c550606653de12e6,https://eaai-com-ui-production.up.railway.app/api/journal/shared/S4b166c72c/597?sig=593174cfc248e4923a1e57e4011bf58bebe36db9f35c206b98e764665bca866d
STUDENT_029,8,8,8,8,9,,https://eaai-com-ui-production.up.railway.app/api/journal/shared/S9a0e87427/289?sig=dada10564d437ddf7fe529297ab18c4f27112001460414bcffcff5e234900160,,https://eaai-com-ui-production.up.railway.app/api/journal/shared/S9a0e87427/587?sig=dcb1636bfc95d8e83185e8d4fe4aa21150a69ab04f45d75c2465af0015cc4f05,https://eaai-com-ui-production.up.railway.app/api/journal/shared/S9a0e87427/669?sig=182876052518f2a5dd9d4a98a216a39b02cfcc97b4dac92a8e955e206c50f2e2
STUDENT_031,8,8,0,10,9,https://eaai-com-ui-production.up.railway.app/api/journal/shared/S5d89ba8ee/171?sig=3d0bceadc8cb447d26d46cca90c9c4a4da2a06c5c5267caa37b22c7ce50517f6,https://eaai-com-ui-production.up.railway.app/api/journal/shared/S5d89ba8ee/356?sig=08794e053e10f0c6e3fad71074c948c18b0d8ffc9f3cc1b13411edc6252226be,,https://eaai-com-ui-production.up.railway.app/api/journal/shared/S5d89ba8ee/543?sig=3c3fb00f4cd61b0bddfd236a33a7dd9a7e1cd1492a7b26c3bdc371a10d5e3c50,https://eaai-com-ui-production.up.railway.app/api/journal/shared/S5d89ba8ee/665?sig=1516cdfac1f9b0aaa7b9d43f07438e509404b6866f26a3f98e6b7cd36b85a10f
STUDENT_032,9,9,9,9,9.5,https://eaai-com-ui-production.up.railway.app/api/journal/shared/S965da7f17/151?sig=d064e57b345a303bb5b5c33da8024ad499511618cd11f2349c0ca0254cd4645a,https://eaai-com-ui-production.up.railway.app/api/journal/shared/S965da7f17/347?sig=c57df4cd3f23bf6ab3ecab7149b57a94a8bb9a202d7c770c10ece0909cf4b49b,https://eaai-com-ui-production.up.railway.app/api/journal/shared/S965da7f17/463?sig=7f5bd4c0c1026355f2ae7d3657dcc74a6981cf18d15660b2e580de4aff5c42d7,https://eaai-com-ui-production.up.railway.app/api/journal/shared/S965da7f17/546?sig=03d6f2793acb4019eca8217f5b321623f9c91a600601d3f33dda69e7c56c58a8,https://eaai-com-ui-production.up.railway.app/api/journal/shared/S965da7f17/715?sig=0ac7a9f0cfc77f6c59d596c73cae58d865f06111da12aa154a660fa77979da7d
STUDENT_033,,,,,,https://eaai-com-ui-production.up.railway.app/api/journal/shared/Se190af560/116?sig=f36d22905191aeb98f69ee13ae857912ee3a4417557fe752bebeb2d6d6a99951,https://eaai-com-ui-production.up.railway.app/api/journal/shared/Se190af560/337?sig=1ef01530e72447573b2bf00a467f0a36828e2e3fe320945e1460913e8c0abfe7,https://eaai-com-ui-production.up.railway.app/api/journal/shared/Se190af560/410?sig=c736d4f46fc551680d83b58df105a45ef26cd6a50da94620690f9259034548fa,https://eaai-com-ui-production.up.railway.app/api/journal/shared/Se190af560/473?sig=da032051f91b155c660d815dc4fdd28802aa292c86db08b01f7fd044f397afdc,https://eaai-com-ui-production.up.railway.app/api/journal/shared/Se190af560/614?sig=500d40de221078dec19dd7151c3b7051e18a7e71d59e819b490fe652ebfd6748
STUDENT_034,8,8,9,0,9,https://eaai-com-ui-production.up.railway.app/api/journal/shared/S059281e06/119?sig=72916ac46747008572a4b4379b76a50be4fa048ea583b7c89b76645397816f2d,https://eaai-com-ui-production.up.railway.app/api/journal/shared/S059281e06/357?sig=387fb6f140a4f6fc599e5699f655a32fbc2f6de4ec27dd9dee9cd0b45933e1d5,https://eaai-com-ui-production.up.railway.app/api/journal/shared/S059281e06/456?sig=da025ec45cc1d17e923ed9bf0b1ef7f4bb07fc20897d30b5b9890385d8a8a6c4,,https://eaai-com-ui-production.up.railway.app/api/journal/shared/S059281e06/690?sig=861ee4ef94d39950c3926b20744f4ce74ae7f8c1bd92218c12e2ba70bb246d51
STUDENT_035,9,9.5,10,10,9.5,https://eaai-com-ui-production.up.railway.app/api/journal/shared/Sccb2459cb/123?sig=31bb934b0291c16c1905c652e29bef7531dd8e4c6a525c5c3545c79535c64c8e,https://eaai-com-ui-production.up.railway.app/api/journal/shared/Sccb2459cb/265?sig=3d218d67fa15e400b607d62ccdaa99c803a73a438cecf44a7b4ada6bb58a3765,https://eaai-com-ui-production.up.railway.app/api/journal/shared/Sccb2459cb/430?sig=93df752014db958a4cbe5f9bdf8e7c07d0f9213f585e28b524c33d7256f55ef3,https://eaai-com-ui-production.up.railway.app/api/journal/shared/Sccb2459cb/469?sig=06a3f08456fb2ed9315089cb421567785936220e8b86542aade75dc6f60fc727,https://eaai-com-ui-production.up.railway.app/api/journal/shared/Sccb2459cb/598?sig=ce7a18a658744ed382c9ee2f1347e771cf4ac5f16fe46063da49bd1488ae9269
STUDENT_036,10,10,10,10,9.5,https://eaai-com-ui-production.up.railway.app/api/journal/shared/S937e87c89/154?sig=582272fffb345ff586a175836574361daecc80c0ca2dbecfd01f5f8d5d688f30,https://eaai-com-ui-production.up.railway.app/api/journal/shared/S937e87c89/350?sig=7135ef309af6d48b077dd204d864815386c0524cef7e80acbbc1ea378c7f6d7d,https://eaai-com-ui-production.up.railway.app/api/journal/shared/S937e87c89/406?sig=81cd0eb8dc62fd8673c3cd2ae07e5aab91b932b0478ad8105bac5c2a263aeb9f,https://eaai-com-ui-production.up.railway.app/api/journal/shared/S937e87c89/561?sig=7f5d958a8d48914d32bd2a82d2aa2f04d38b5c18ef56ce5aa0b6ee6c00907a44,https://eaai-com-ui-production.up.railway.app/api/journal/shared/S937e87c89/678?sig=e07fb350a9ae6938516e0e5a6992b2949ef2967a41e0a5711af5b4bb4a855250
STUDENT_037,8,8,8,8,9,https://eaai-com-ui-production.up.railway.app/api/journal/shared/S7d017bfea/126?sig=9f23338937020e4f3c332d080145aa03e883d45aedda945e899ed428c3e4ca5c,https://eaai-com-ui-production.up.railway.app/api/journal/shared/S7d017bfea/254?sig=759071de4d503c6b44efad6e7188632be3a6e882da19e0e70c1e648833d9d9a3,https://eaai-com-ui-production.up.railway.app/api/journal/shared/S7d017bfea/391?sig=b182180b0e5029d3ae3cd13525b514ddb7d834bacd4d563758d8808da8367675,https://eaai-com-ui-production.up.railway.app/api/journal/shared/S7d017bfea/485?sig=2da465c5297ebb00a8b325dad013d7ad2b7cd346cd7d20f5405ee2d7baf5b854,https://eaai-com-ui-production.up.railway.app/api/journal/shared/S7d017bfea/592?sig=cf00397f1ade2e5d99291d567862e5914081288fc36233328c70e6c8b7468c54
STUDENT_038,10,10,10,10,8,https://eaai-com-ui-production.up.railway.app/api/journal/shared/S1d861ff33/152?sig=8ff76970b4b9afaf0935e512877762f52d762142d2188e6d42739036f2a0b5ff,https://eaai-com-ui-production.up.railway.app/api/journal/shared/S1d861ff33/351?sig=617ed50696c8de91b8f4a5fbccfa5a7b2b83aeaa7bb27b7ccbb708b2cde0b4ab,https://eaai-com-ui-production.up.railway.app/api/journal/shared/S1d861ff33/404?sig=2e65eda06362d26014cd41b94b09fb32be4917fd2c781cfbe5b3956570764a0c,https://eaai-com-ui-production.up.railway.app/api/journal/shared/S1d861ff33/554?sig=5808f8100072148273f2d07198fb9cb0a11f008dad7b1af889449685e63e10c2,https://eaai-com-ui-production.up.railway.app/api/journal/shared/S1d861ff33/704?sig=a101ab2eee5e962e918c714c18ecf06c79820cc32fd3683af3b144a97538617a
STUDENT_040,10,9.5,9.5,9.5,8.5,https://eaai-com-ui-production.up.railway.app/api/journal/shared/Sb2f45aceb/230?sig=3147d9a19342333a60acd32e9a2c74265260ddcd53814b2a1ec81a13ca13745e,https://eaai-com-ui-production.up.railway.app/api/journal/shared/Sb2f45aceb/278?sig=c2a7d2661a5a657841ef9da4a7fb1cfbf1a91c77bd111a67d9e40d41dcae9569,https://eaai-com-ui-production.up.railway.app/api/journal/shared/Sb2f45aceb/429?sig=b1dc004ac2a1051b57e9fbbb6203d4f216c78eeca453ca5936202f2c11de346c,https://eaai-com-ui-production.up.railway.app/api/journal/shared/Sb2f45aceb/564?sig=0748e7aec51beb99b665eb723d7c51add2930178022bd00c6a7c708c27fc93a9,https://eaai-com-ui-production.up.railway.app/api/journal/shared/Sb2f45aceb/655?sig=feeea0c6995eb8320a6ec2c78f3f860f25cf81c4f15b0e97c77f3471e9460411
STUDENT_041,9.5,9.25,9.5,9,9.5,https://eaai-com-ui-production.up.railway.app/api/journal/shared/Sb9ee973c9/183?sig=6137a9e177b5f9695e6f5058fdfd993d661b4830cd3d319bf788ba64be612791,https://eaai-com-ui-production.up.railway.app/api/journal/shared/Sb9ee973c9/298?sig=b05bc1376baaf63304c88320b4149175dc257d9e461277bfd977b8ba0312db75,https://eaai-com-ui-production.up.railway.app/api/journal/shared/Sb9ee973c9/374?sig=679ee1ecc46e386db5d1e4f1889d721862522ac5f8e144d8ae3d81de74ff72e1,https://eaai-com-ui-production.up.railway.app/api/journal/shared/Sb9ee973c9/484?sig=2c99e755743409661d207a2c2ff9160bdb2e43683d49437cdf4bf4a21651906b,https://eaai-com-ui-production.up.railway.app/api/journal/shared/Sb9ee973c9/710?sig=77e94b8d23506376600ff3ccd02470801d951dd7f6d785d4550db22cab4791fc
STUDENT_042,8.5,8.5,8.5,8.5,8.5,https://eaai-com-ui-production.up.railway.app/api/journal/shared/Sdaebe1226/17?sig=d7f3502fe1820009837ce93fac25a470107602a4cf69ed842569c50a1fa18f43,https://eaai-com-ui-production.up.railway.app/api/journal/shared/Sdaebe1226/241?sig=99cf8bc49194c51bc8c4b6e31ae1b1942945ebfcefcd41ccba03f1785e64ad10,https://eaai-com-ui-production.up.railway.app/api/journal/shared/Sdaebe1226/373?sig=1e61ca0362b9cef011762299db6b9fcbf6e195073e5e494577537c2cf958f75f,https://eaai-com-ui-production.up.railway.app/api/journal/shared/Sdaebe1226/530?sig=74e7e34506227e2d5a11561de2ded66587bda12b20f4088b243ed8f1c3bcb450,https://eaai-com-ui-production.up.railway.app/api/journal/shared/Sdaebe1226/616?sig=3619c759eb5745db9eb95cf9e26b0ad6e8c7d60f6ff52340efad5ae47ab99926
STUDENT_043,0,9,0,10,9,,https://eaai-com-ui-production.up.railway.app/api/journal/shared/Sca2465334/340?sig=f56275deb37058946e13bdd2b91a804a6855bfca41f385f207df6791586f5b64,,https://eaai-com-ui-production.up.railway.app/api/journal/shared/Sca2465334/572?sig=827ac69446cb3ed71a821feb8984aa6a03374710d49089cd74b845ee9fe4929a,https://eaai-com-ui-production.up.railway.app/api/journal/shared/Sca2465334/676?sig=31be3c7042fd5187b2268a4ad1c85c8d3d4071b5682b89da03368407bb547b92
STUDENT_044,10,10,10,10,9.75,https://eaai-com-ui-production.up.railway.app/api/journal/shared/S28837ccee/197?sig=3d011cc0eef9fdb0e81c8e6d2f157a1f27118841c5d2fd8904b6947d47a8c496,https://eaai-com-ui-production.up.railway.app/api/journal/shared/S28837ccee/315?sig=eae2e4a66e2ff53e970abc90aafb7485c3afb86b06759a5525cbac2777789ef1,https://eaai-com-ui-production.up.railway.app/api/journal/shared/S28837ccee/427?sig=9359313a9ca633cb8139e418accec8879ef70266a3534ecb0cdfb5ad91b82b5e,https://eaai-com-ui-production.up.railway.app/api/journal/shared/S28837ccee/559?sig=84ef582d61519fd2c56583d841f9728aad541863fa1fceca3407e9e95f3a5836,https://eaai-com-ui-production.up.railway.app/api/journal/shared/S28837ccee/688?sig=ac16ee4b978892be7aee0623cac1695a5e2f620f67c2c987efbeb2ebf286a2b1
STUDENT_045,0,8,8,8,9,,https://eaai-com-ui-production.up.railway.app/api/journal/shared/S2db1ae86b/242?sig=43ada351711904d681fb1067dcbdfdb5204be69fc5962f898fa20e4e8fc039b8,https://eaai-com-ui-production.up.railway.app/api/journal/shared/S2db1ae86b/381?sig=f3daf73c76b5d37452ddfec49e68593255eb3884d084299d9a041152a80c1ce6,https://eaai-com-ui-production.up.railway.app/api/journal/shared/S2db1ae86b/523?sig=a83b65b92e76e4170180ef52c5d70ceb63df5904e104c71e737b87fecf1748b4,https://eaai-com-ui-production.up.railway.app/api/journal/shared/S2db1ae86b/601?sig=96496168a91870582ded20a1981767889d60251f53d3d8d60ace834b2c0498fe
STUDENT_046,8.5,8.5,8.5,8.5,9.75,https://eaai-com-ui-production.up.railway.app/api/journal/shared/Sc40061432/118?sig=b1c89f2888f15c53747a965ff3312af0fc4ae02c460f53b9f68d1eb284dc8510,https://eaai-com-ui-production.up.railway.app/api/journal/shared/Sc40061432/238?sig=64607edffc50566aa2c2ff1086fb60b03c70fb4f499b926788b75537d31e1cbd,https://eaai-com-ui-production.up.railway.app/api/journal/shared/Sc40061432/365?sig=bff4279471d81c07dc9fd9360377063a526cac530c1a9b3860299f03f5c9b3d3,https://eaai-com-ui-production.up.railway.app/api/journal/shared/Sc40061432/480?sig=f48754362063edc809306fd3e47f0820aec25dcb31a7b7d54d4f159908dd69cb,https://eaai-com-ui-production.up.railway.app/api/journal/shared/Sc40061432/613?sig=48199958ef1ac8df57ccfec9d21c2663a928101fc192e84989c95c774bb74184
STUDENT_048,10,10,10,10,9,https://eaai-com-ui-production.up.railway.app/api/journal/shared/Sdde8ef5d8/217?sig=5b36bb5ec8c9cadbe490122907c027811896d94e56a8b44f10ba823e2d4a4620,https://eaai-com-ui-production.up.railway.app/api/journal/shared/Sdde8ef5d8/259?sig=e7fcd92d1e97f542fe9eac33cd105aa693d27941d0332b7a9c24e2b6c37e16a7,https://eaai-com-ui-production.up.railway.app/api/journal/shared/Sdde8ef5d8/460?sig=a974bd5e703d438debb3a6e8fa3cf08565024c34bf516bde97d8f4036c6efa57,https://eaai-com-ui-production.up.railway.app/api/journal/shared/Sdde8ef5d8/578?sig=bc999d4afcfd2e76e0f320ac70aedcdbcfbf9b1e7d3e3131d7225db422d4fdca,https://eaai-com-ui-production.up.railway.app/api/journal/shared/Sdde8ef5d8/683?sig=ca7353c9a472224448f3c8969d44f2cf5233bf13e0d6150240771617fa9f322a
STUDENT_049,8.5,8.5,9,9,9.5,https://eaai-com-ui-production.up.railway.app/api/journal/shared/Sb1ee4fd49/14?sig=1c5c29f36869a4af9622c531b6c420e632a9d3a17e8ec8a74e66b548bd96694b,https://eaai-com-ui-production.up.railway.app/api/journal/shared/Sb1ee4fd49/239?sig=e85546963a81b5639b3f0382ebba0098a0cef7264343c865e0e9c1bb7d4a0322,https://eaai-com-ui-production.up.railway.app/api/journal/shared/Sb1ee4fd49/392?sig=3bb45a58cc595f47fb80a252f505546de4c25fe0dae2bb37b86ac24c03530b78,https://eaai-com-ui-production.up.railway.app/api/journal/shared/Sb1ee4fd49/486?sig=f37c0a61a8dd23cb7e5766ba7fda4f88457925b85f46d2765c4827eab8be2ef2,https://eaai-com-ui-production.up.railway.app/api/journal/shared/Sb1ee4fd49/677?sig=213ffa47cd527c2f98a4f6a87c53b8c1374eae7cbfcfaead361b1fcedffeacd7
STUDENT_050,7,7,5,5,9,https://eaai-com-ui-production.up.railway.app/api/journal/shared/Sef48d1812/136?sig=fd06498a84b16ce104ad9671489ccfe6ec11dea91ded185abbbf6da9af8afbf5,https://eaai-com-ui-production.up.railway.app/api/journal/shared/Sef48d1812/252?sig=2aa3e01331de79e0d0619249ddca2ebc82080c8c2fda9995c8912bad3bcfaf7e,https://eaai-com-ui-production.up.railway.app/api/journal/shared/Sef48d1812/380?sig=48d60a84529054514c8096f64a0f5ae12bdde05d73d12c5927629cbbead720e2,https://eaai-com-ui-production.up.railway.app/api/journal/shared/Sef48d1812/496?sig=51b622d2d1a310de79bd07310e8b67268dd118d195db69d3e0b1c67ee540f5ce,https://eaai-com-ui-production.up.railway.app/api/journal/shared/Sef48d1812/667?sig=cbe53cdee76c00c5c60facfb994256b6efc5520e8ef21e6717247fc91b51435b
STUDENT_051,0,10,10,10,8.5,,https://eaai-com-ui-production.up.railway.app/api/journal/shared/S202e09910/355?sig=5fc1c7929c15b67d5388e348d4161b75e8dc6bf52e13ce3c0dbfd796706b7200,https://eaai-com-ui-production.up.railway.app/api/journal/shared/S202e09910/461?sig=b94e879f8203a48603c516892036a3de093ac5595d881a7b6bbdc7e5cad2a646,https://eaai-com-ui-production.up.railway.app/api/journal/shared/S202e09910/577?sig=0e0cfaea08133e2ddc54144662aa16a5e54d5b5ce1aa11be459f0cfe16805b50,https://eaai-com-ui-production.up.railway.app/api/journal/shared/S202e09910/700?sig=1e579f06473477f53fa873e758c57986478bdeb61f7da6b9cc927a54176f6903
STUDENT_052,0,9,8.5,8.75,9,,https://eaai-com-ui-production.up.railway.app/api/journal/shared/S75fb4211f/285?sig=4d84315c6e400caf3e1be00e6da8e054ab40a756ff0c42af1c6702237ed61ef2,https://eaai-com-ui-production.up.railway.app/api/journal/shared/S75fb4211f/385?sig=df3cb4f290e34e078d606f804bfa23ccbb79c759b73615c2421a34a87d94076d,https://eaai-com-ui-production.up.railway.app/api/journal/shared/S75fb4211f/552?sig=d6e706b18fdc5a2cec5c94f35aa8450a790cd8a5922702abda11ed4403fc6dbe,https://eaai-com-ui-production.up.railway.app/api/journal/shared/S75fb4211f/611?sig=b32a7f16a54dcc26f86a6a57ef528ee01f777d2e172d79da8f536e7dbb53cc94
STUDENT_054,9,8.5,8.5,9,9.5,https://eaai-com-ui-production.up.railway.app/api/journal/shared/Sb6fd9fc52/135?sig=4bccc3cb1269bdd754929d9595115b2451596271831ffa3ba7ee38bcc51c0bd6,https://eaai-com-ui-production.up.railway.app/api/journal/shared/Sb6fd9fc52/292?sig=a1716551dd72fd14bcdda2a43484eff0bf5d5926bc64b870a42c1d6b62c46af1,https://eaai-com-ui-production.up.railway.app/api/journal/shared/Sb6fd9fc52/443?sig=8ad946e080ae56f66272e6a16df7b5901448c94c3d38760da6cd483d2e6758d6,https://eaai-com-ui-production.up.railway.app/api/journal/shared/Sb6fd9fc52/471?sig=8e250a0895e5c2bf57b915ce838e1ff589962599888c07cbe10fd42c4c2dc451,https://eaai-com-ui-production.up.railway.app/api/journal/shared/Sb6fd9fc52/687?sig=c18c44ddf0ef027c406592ae7b0f6b05cfaa9a6af37d9c6f2b14ba1e5e58769e
STUDENT_055,9,9,10,10,9.5,https://eaai-com-ui-production.up.railway.app/api/journal/shared/S484eda654/192?sig=c80f8ed7848e7ea7609de7bcd6da5ccdb8e9c01127b267057a68d7dc69cdff42,https://eaai-com-ui-production.up.railway.app/api/journal/shared/S484eda654/295?sig=90b2679ab12fe254d8711a830fcdf9c7e8bdbedbf9ed4cbfc24055bcc186143b,https://eaai-com-ui-production.up.railway.app/api/journal/shared/S484eda654/421?sig=3efc75e57ebbc8f7420d50a0037328a7e4683fde701abcbcf768f10bf9508259,https://eaai-com-ui-production.up.railway.app/api/journal/shared/S484eda654/510?sig=568253deca9a8a39ee1530143adbc3d4f0773398deb9e4c0ac90da91a3e592cf,https://eaai-com-ui-production.up.railway.app/api/journal/shared/S484eda654/637?sig=a924c1e19ebff34073cf0124bd679edcd4c9388e914fa17f2534c07575646bf8
STUDENT_056,8.5,8.5,8.5,8.5,9,https://eaai-com-ui-production.up.railway.app/api/journal/shared/Scadfd3cd1/21?sig=d8b080d3b3209b88399f7a7a88e2fa8df8f51c51bab17dd1ce9db1ee067f1251,https://eaai-com-ui-production.up.railway.app/api/journal/shared/Scadfd3cd1/319?sig=dbcc58421cf3bafdd16c2d66f0b4883ad6e0a832ef453386845cedf7e99858ca,https://eaai-com-ui-production.up.railway.app/api/journal/shared/Scadfd3cd1/384?sig=25b10fea53e96a6df96c39a7b86f9807230005519b34b5ceaef9384416b6f4e9,https://eaai-com-ui-production.up.railway.app/api/journal/shared/Scadfd3cd1/495?sig=1aa9fd6e41c5fff5444c1b54b96efe45aa77b1f0ded3bb233aa5614d71130dd2,https://eaai-com-ui-production.up.railway.app/api/journal/shared/Scadfd3cd1/628?sig=93851d347e994b47be4fa9fed6afd99dc1fa590f2e3ce229f5e11865ec823965
STUDENT_057,0,9,0,10,8.5,,https://eaai-com-ui-production.up.railway.app/api/journal/shared/S02b3251a2/342?sig=ce8bf938d15320a2df155ea6a643e0033e7b2086a8bb93055ae756991d4109b6,,https://eaai-com-ui-production.up.railway.app/api/journal/shared/S02b3251a2/586?sig=c22aebf9db3e09fabb0920e9e1d6038bf091363f920b7a844447812bc17b24b2,https://eaai-com-ui-production.up.railway.app/api/journal/shared/S02b3251a2/718?sig=5c8bf75f0c4f43710464bf7d687544c5356a9356f9f771cdc52a7d82f276a3c0
STUDENT_058,10,10,10,10,9,https://eaai-com-ui-production.up.railway.app/api/journal/shared/Sccaf72914/121?sig=27ca02c5608e6a8f5e801070fc2eca643324c80a8959c30b11d6491bf4a7ab33,https://eaai-com-ui-production.up.railway.app/api/journal/shared/Sccaf72914/237?sig=92b2a2241a4a3be464537ab83920c8675e439a9cc8d06e5c75c7616cfcb6f63e,https://eaai-com-ui-production.up.railway.app/api/journal/shared/Sccaf72914/369?sig=7fb8c6caa5fcf0542967563075939496235b0d06a36b8f109b0dd852d57e55c0,https://eaai-com-ui-production.up.railway.app/api/journal/shared/Sccaf72914/476?sig=647dda8a276a14c3215b163e1823b34804f9adc1f4e002ee0ddcde61cc932cfd,https://eaai-com-ui-production.up.railway.app/api/journal/shared/Sccaf72914/595?sig=013c3f8c3feb62c206ca00f5283a2ed5e27521cfe08de46e138e21d9d15df1cb
STUDENT_060,9,9,10,10,9,https://eaai-com-ui-production.up.railway.app/api/journal/shared/S8c918a5a8/158?sig=31ccc019a99361ed96cadca5ec9fee272eafecee13ed3663ff2cd8df4af28c29,https://eaai-com-ui-production.up.railway.app/api/journal/shared/S8c918a5a8/299?sig=e1ca51a49e2673fa70b82a336f8275b133166f4b64aef6ac8e97c57e3fd03a7d,https://eaai-com-ui-production.up.railway.app/api/journal/shared/S8c918a5a8/407?sig=0ee800ed00578ea188f4cc453c0ccf6423485e1c67b3f507b0479b12dffb702e,https://eaai-com-ui-production.up.railway.app/api/journal/shared/S8c918a5a8/541?sig=892bef8bb651f7e1fbcbd3a47a95d0f867322374f58f5c31d0652007bc8ea496,https://eaai-com-ui-production.up.railway.app/api/journal/shared/S8c918a5a8/632?sig=4421da3733cc99f27d73f67ac34593a3e5a4afe449a2e7df24b2592495473c4c
STUDENT_061,8.5,8.5,8.5,8.5,8.25,https://eaai-com-ui-production.up.railway.app/api/journal/shared/S2717c4dea/124?sig=2eafe0fd3c1915ccc8df6e9848e6c368fe8b572aab49e952b6ddc9eeec66964b,https://eaai-com-ui-production.up.railway.app/api/journal/shared/S2717c4dea/301?sig=e9ad85d8fd1536d957c653f72713fdfff26e72289ff2f805ab2ebd73e853756a,https://eaai-com-ui-production.up.railway.app/api/journal/shared/S2717c4dea/398?sig=afe4345acc4dd4305b7b2909064f62c8c7f411bf713369df3b45608021672e64,https://eaai-com-ui-production.up.railway.app/api/journal/shared/S2717c4dea/470?sig=de6d4903e3dfc62ab9899e5df98802f3ffb7c17aef39f9c304d7f3d3d2fd1b5f,https://eaai-com-ui-production.up.railway.app/api/journal/shared/S2717c4dea/600?sig=e785c17f6d629ee30e96aba109d0f61e3c0b4784f0297839b87c633ab3e46aa8
STUDENT_062,8,8,8,8,9,https://eaai-com-ui-production.up.railway.app/api/journal/shared/S66656eec2/131?sig=a2e5d67a469c9d2a5f6a747419293f9fbe549c6ca4c24173a5019e333bfbbd6d,https://eaai-com-ui-production.up.railway.app/api/journal/shared/S66656eec2/255?sig=1caed878f444a729ce9ed2f77802c25f895b4e5f80725777c077b77ed5ccdde0,https://eaai-com-ui-production.up.railway.app/api/journal/shared/S66656eec2/439?sig=2c5fd1dad94b3c52dbfbf2d275a90aeaaeb01ac266ff05a663673f38f97f6c5f,https://eaai-com-ui-production.up.railway.app/api/journal/shared/S66656eec2/526?sig=c0e2e26eb17f562f1ba187208b3e5ea18c59ed3ab6659e43089986aa459758a5,https://eaai-com-ui-production.up.railway.app/api/journal/shared/S66656eec2/618?sig=2b6b8d87fe6bbd1ae7b06712e2864a75799598db23f83737a148ac3b83f0c32f
STUDENT_065,8,8,10,10,0,https://eaai-com-ui-production.up.railway.app/api/journal/shared/Sbde25e6d6/215?sig=d46d616d3085c4edf2be75431712df628185b804eeb29a433358da83233208ea,https://eaai-com-ui-production.up.railway.app/api/journal/shared/Sbde25e6d6/352?sig=0ed7863d2a9f9f0620672d71a0aa60076538b2bf2119d8f50d819c26e2199da4,https://eaai-com-ui-production.up.railway.app/api/journal/shared/Sbde25e6d6/466?sig=72d88bd340bd4ac41f73f2e73728054fbbbd0ca480431396a166d11107f0cbab,https://eaai-com-ui-production.up.railway.app/api/journal/shared/Sbde25e6d6/580?sig=3a18ebbb13dc8c1ad86a2d86f9de95b9c44115ebecbee9240379ff1251172c06,
STUDENT_066,10,10,10,10,10,https://eaai-com-ui-production.up.railway.app/api/journal/shared/S3c8a3e1a6/157?sig=ba659a3b3415efa11d9f040e3204aaf9690dd9d5900a22e2c8bedcff9b94e471,https://eaai-com-ui-production.up.railway.app/api/journal/shared/S3c8a3e1a6/235?sig=90c7353f56a9a042eb4cedd40af312b1f7bdbf47fdb521532eff88796835456a,https://eaai-com-ui-production.up.railway.app/api/journal/shared/S3c8a3e1a6/438?sig=e487c64ffaba81901c9db5b2775976aca4a409ae933d7fb7215216b9ea1aac1a,https://eaai-com-ui-production.up.railway.app/api/journal/shared/S3c8a3e1a6/519?sig=235869048a6ca8332edb535c16961262616d6c662b8a834145188b1e4b4c7f27,https://eaai-com-ui-production.up.railway.app/api/journal/shared/S3c8a3e1a6/680?sig=681023ca00ab52c719f40d96adf872cff023fae4bf7ffbc6667eb712feaffbbc
STUDENT_067,8,8,9,9,0,https://eaai-com-ui-production.up.railway.app/api/journal/shared/Sb57f7fea8/200?sig=742cb3d4b9eb8e13c9c8201b2c39ff5c842122ca711414d7ec3808737a06c1b6,https://eaai-com-ui-production.up.railway.app/api/journal/shared/Sb57f7fea8/276?sig=54dc6002362d99753556e7679c71313f2ad4dd75ea47e0eca658a2969a3f5cef,https://eaai-com-ui-production.up.railway.app/api/journal/shared/Sb57f7fea8/425?sig=4a1f21e7b61cc164dddeab290eb8e7de83a6a08a2dc3010a15a3ca62402997f4,https://eaai-com-ui-production.up.railway.app/api/journal/shared/Sb57f7fea8/501?sig=48104355bd5cf73e794ec47bc1654d3ba21ce6682dad86af75d001eab8db6860,
STUDENT_068,9,9,9,9,8.5,https://eaai-com-ui-production.up.railway.app/api/journal/shared/S43ada25d8/169?sig=1f8c7ddb425bde7c1bbc9c11928dd7e72a22882f09af96f9111c80882fe40aa0,https://eaai-com-ui-production.up.railway.app/api/journal/shared/S43ada25d8/324?sig=90d5c3f21ca2253e5093cdf53209ea8b4036a04d559671600e027745cafdabd1,https://eaai-com-ui-production.up.railway.app/api/journal/shared/S43ada25d8/368?sig=e543eda3b67ecedec579e076a7e76abfb7d6a803dd19abce6cbd4af5f2c926b7,https://eaai-com-ui-production.up.railway.app/api/journal/shared/S43ada25d8/482?sig=d37a33095e37b4501da5924eee023d3a1c62c822aa7caac70ee19712ba359ba1,https://eaai-com-ui-production.up.railway.app/api/journal/shared/S43ada25d8/608?sig=2ebe7878d24a8de9bbef894203d3d61965fba0e6859a52db449e5cd1e641fa6b
STUDENT_069,9,9,9,9,8.75,https://eaai-com-ui-production.up.railway.app/api/journal/shared/Scc75e1bf5/167?sig=a58a66710704d5aacbc150a5b7ac4849af95853e3a74ad78aa76274e85bf0f5a,https://eaai-com-ui-production.up.railway.app/api/journal/shared/Scc75e1bf5/314?sig=19e6a4c9f7c3cde9eaa332481d785096db9319fd1bfac4231ee3f6060fb2cbf5,https://eaai-com-ui-production.up.railway.app/api/journal/shared/Scc75e1bf5/448?sig=90d800e5dee2a88d798bd97bc86dede583015b28d855cf202db67cc3cfee5b0a,https://eaai-com-ui-production.up.railway.app/api/journal/shared/Scc75e1bf5/556?sig=4f934c3c26a01a25118a76ccada7cc0a99ef42eef6855f990c2077da9ddee5c6,https://eaai-com-ui-production.up.railway.app/api/journal/shared/Scc75e1bf5/668?sig=285f0c5ffa8b3a4f22920535c0933b93e2f74facd1f0c1650eb17c3537dab710
STUDENT_070,8,8,8,8,8,https://eaai-com-ui-production.up.railway.app/api/journal/shared/S674eec326/166?sig=766d576e3972d2c2808fd25d2fa954f1c827df6d7ab963698d46a4922cdadbc3,https://eaai-com-ui-production.up.railway.app/api/journal/shared/S674eec326/316?sig=1808bf747b9d6ca44563a339ab4f5ad32d905aa25123196b7fa32b16c1a8f676,https://eaai-com-ui-production.up.railway.app/api/journal/shared/S674eec326/445?sig=e15a4a8c6c3aa752d4b76a94489168868d38fd5511a8864d27176b74b0092bdf,https://eaai-com-ui-production.up.railway.app/api/journal/shared/S674eec326/487?sig=86bb4c77253d6e3efd23b27e316a012600ddc62ad9c219bea38c8128cc265234,https://eaai-com-ui-production.up.railway.app/api/journal/shared/S674eec326/623?sig=1e6be5c4559771f66538cc2663891960b647095ad3b6fbcea43a5970e55432d9
STUDENT_071,8.5,8.5,8.5,8.5,8.5,https://eaai-com-ui-production.up.railway.app/api/journal/shared/S69db6803b/165?sig=a7ad0b2e8cb2841ecf4ff00e346eec1060b29f18e7cb60ab16c6743bf43170f8,https://eaai-com-ui-production.up.railway.app/api/journal/shared/S69db6803b/275?sig=a24463f55a4c43d6378ac88c43cc2f205d15f1c6db892efc8df2cb150bb048ee,https://eaai-com-ui-production.up.railway.app/api/journal/shared/S69db6803b/424?sig=4ec433825809f957c94e03796bc66ba6c23e0ce94ea39f8d7ea901bf3b5fc780,https://eaai-com-ui-production.up.railway.app/api/journal/shared/S69db6803b/565?sig=4bcf9916921b21588fe2d4c179bea30141835676d8d3450becf7c99e7725f8e1,https://eaai-com-ui-production.up.railway.app/api/journal/shared/S69db6803b/651?sig=17e5a8373583421a7b032d0d9b95a02d22e9e96538c22d0261030a3aceb38d09
STUDENT_073,8,8,10,10,9,https://eaai-com-ui-production.up.railway.app/api/journal/shared/S2c6c55ee4/161?sig=bdaf1c43dc7e5fd06d3411aaf6a5fcd937d15b53a73f1920caf7ab0f63d94eb6,https://eaai-com-ui-production.up.railway.app/api/journal/shared/S2c6c55ee4/253?sig=9c385534f511b8cb656b765dc26c8c617ed015cabdf9aa6b9295aac82f904d29,https://eaai-com-ui-production.up.railway.app/api/journal/shared/S2c6c55ee4/396?sig=2919335e1419a9cc38034667aaf8c0ac5767a8f6f74b38e16812baf24e51eeef,https://eaai-com-ui-production.up.railway.app/api/journal/shared/S2c6c55ee4/515?sig=3820dfea879fde1401bc4df445c0c8453def83cd383638da0a086a5b46079eea,https://eaai-com-ui-production.up.railway.app/api/journal/shared/S2c6c55ee4/621?sig=d6110c2fad3a758c1a96c45befe602bd802bfb8c8c50454531d757e74efad63c
STUDENT_075,9,9,10,10,8,https://eaai-com-ui-production.up.railway.app/api/journal/shared/Sf3d550f42/203?sig=672f49c809474451c7a637be4c89dbc9b4662d0cfb6a4280311954269f6f3f75,https://eaai-com-ui-production.up.railway.app/api/journal/shared/Sf3d550f42/333?sig=27f7d993c1d8f557b04bba2ea87c835fb261060cf34046f55c6e06551f9c04ff,https://eaai-com-ui-production.up.railway.app/api/journal/shared/Sf3d550f42/437?sig=925c4e91114f117b289dd243a8b6a4bbca314921b541c0a1b59e98b654bdf8df,https://eaai-com-ui-production.up.railway.app/api/journal/shared/Sf3d550f42/575?sig=a46870dbbfddb90491534083a1f5de9cb3afe5580a9840b081c8605bd678050c,https://eaai-com-ui-production.up.railway.app/api/journal/shared/Sf3d550f42/691?sig=9d6c652773df5d1ff3b515d32707c782d68962ced0e7b9ea176601c640c02857
STUDENT_076,0,9,9,9,9,,https://eaai-com-ui-production.up.railway.app/api/journal/shared/S98b0243a8/327?sig=0d45a7ddb357954df747d32f04aaa27084be411ce1d389a45a849603fd4ea424,https://eaai-com-ui-production.up.railway.app/api/journal/shared/S98b0243a8/432?sig=53e1a9e174ac4316b366cc6ed491aad42c2cb141b117a3dfb626dc8f81d301b0,https://eaai-com-ui-production.up.railway.app/api/journal/shared/S98b0243a8/538?sig=8a9726c7a5533d94dab38334ed7c1e754537891dfcccb14d788d24b60428db7c,https://eaai-com-ui-production.up.railway.app/api/journal/shared/S98b0243a8/681?sig=3e15e568a950c32ccb7fd678013927f7afc10fd2693c25c11e3de13d1be0ebb5
STUDENT_077,9,9,10,10,9.5,https://eaai-com-ui-production.up.railway.app/api/journal/shared/S372b29326/229?sig=1494e36f0af1bb1c33b9998cbefee640739402c10364620b77606fa3cbf3a94f,https://eaai-com-ui-production.up.railway.app/api/journal/shared/S372b29326/328?sig=83a1fe46accc3d84b2ed0c8629b02e76586c5ba242595ee4558298c891ddf936,https://eaai-com-ui-production.up.railway.app/api/journal/shared/S372b29326/418?sig=dbe55b42e3bbeb5253e3a383986e4e5dea184050e5c670fe8c06b49c28e0ff96,https://eaai-com-ui-production.up.railway.app/api/journal/shared/S372b29326/555?sig=0895b6048bfcbe5c250788ac0fbcc04f7cfc40e6a28e848012ebdf858eb43821,https://eaai-com-ui-production.up.railway.app/api/journal/shared/S372b29326/672?sig=1716743e4a4236382235d6660a57a55642354cd0bc96796db7e905e1d3cdb8ef
STUDENT_078,8,8,10,10,9,https://eaai-com-ui-production.up.railway.app/api/journal/shared/Sf74c80817/144?sig=aeb71afbd5d364a63ad2e0f8fdb7c64c28dced6345c59029fd208a8ae4811fbb,https://eaai-com-ui-production.up.railway.app/api/journal/shared/Sf74c80817/304?sig=1253b7f21a69e95c8b8a9e3a8c8acce16f7ba8e4543c1bcc14e9daf7d7c06ec0,https://eaai-com-ui-production.up.railway.app/api/journal/shared/Sf74c80817/397?sig=d3c4e9407b860408a06a03732303d774a227d5de54e156930c8888395ff2dcc1,https://eaai-com-ui-production.up.railway.app/api/journal/shared/Sf74c80817/518?sig=714e1bf5fa8f683522a7a507f81ab596c264276d1258a1413373213a21ceb9fd,https://eaai-com-ui-production.up.railway.app/api/journal/shared/Sf74c80817/657?sig=dca4b95a79340ca8c42f183450ef1ad003a473403d3b3b551d4c753958a74314
STUDENT_081,9,9,9,9,9,https://eaai-com-ui-production.up.railway.app/api/journal/shared/S6e471af3a/147?sig=525033797baa0b245e241324eb6578a7d2e379847db3c753d5d86336862f2926,https://eaai-com-ui-production.up.railway.app/api/journal/shared/S6e471af3a/296?sig=93bdf89fc17293581beb4e0c616f53ec3672a99b3c3ed7704836caee4d77ee86,https://eaai-com-ui-production.up.railway.app/api/journal/shared/S6e471af3a/403?sig=ae3e7f99008a6f0a7e30bc0079b41967c399c79ee5fcd7e7d66e4b22362e7d81,https://eaai-com-ui-production.up.railway.app/api/journal/shared/S6e471af3a/520?sig=61ce89ac6d811d801b70703ecb8a3065a83d4fcc103f4f4ac61bed7728e22aeb,https://eaai-com-ui-production.up.railway.app/api/journal/shared/S6e471af3a/591?sig=0788ad34b3fbc22adc67fcabd0ace5a4a84d95b9a58c0f13984b25dd54287cde
STUDENT_082,8,8.5,9,8,9.5,https://eaai-com-ui-production.up.railway.app/api/journal/shared/S918e8d5d8/44?sig=23b7f23f4d8e6099e62d1a85a5a4b442404ed72cd31093726d0596c2e90e9fa5,https://eaai-com-ui-production.up.railway.app/api/journal/shared/S918e8d5d8/282?sig=56f635cf7fbc73b933ddd7cd6e4feaf18222e9823b02a299f3182f1f28791c48,https://eaai-com-ui-production.up.railway.app/api/journal/shared/S918e8d5d8/400?sig=2037d5e6046c7cc821a95835efca116ba82d8f6bb7ca81f8b34eb91a19854745,https://eaai-com-ui-production.up.railway.app/api/journal/shared/S918e8d5d8/532?sig=728998792f411d9706f2dd0fd32582391ed323e8f295eb8db4a54888959cbd2e,https://eaai-com-ui-production.up.railway.app/api/journal/shared/S918e8d5d8/675?sig=0ff119603c6b8c9d014ab3d44a86b6c4a5d0583793a0bc9aaa44dc714ebd47a6
STUDENT_083,8,8,10,10,9,https://eaai-com-ui-production.up.railway.app/api/journal/shared/S113672445/117?sig=af3c97f5071c72fcc690c77f2e6c1e1d8a7c76529c79018acbb7f545f06ca4b8,https://eaai-com-ui-production.up.railway.app/api/journal/shared/S113672445/283?sig=008c2f0f6874141ce3a102528e08fe997f0cba5a31a7863d31424a6760c5a2b5,https://eaai-com-ui-production.up.railway.app/api/journal/shared/S113672445/401?sig=71032489c1ed0bec7e26ba8ed1a2c9f1f6f9311f88da527ada08289cd4e7f11f,https://eaai-com-ui-production.up.railway.app/api/journal/shared/S113672445/542?sig=cac4e94721bde2a12facbfe6240dd4fa6a2524c504c32b9fb395d0de396f489e,https://eaai-com-ui-production.up.railway.app/api/journal/shared/S113672445/652?sig=7b3c06e8de48ee25447c2584577895c8a4fc685509cf82081b56e74e93cff7c0
STUDENT_084,9,9,9,9,9,https://eaai-com-ui-production.up.railway.app/api/journal/shared/S1b1128fe7/114?sig=eabd8789557d35dd47b732025c649c882b1a3b05b7cd1eaf61c05f1fe5622d56,https://eaai-com-ui-production.up.railway.app/api/journal/shared/S1b1128fe7/341?sig=532c7613740d1e38ab087943465b0826fce155b85e8577da2f594256bc450ad1,https://eaai-com-ui-production.up.railway.app/api/journal/shared/S1b1128fe7/394?sig=dc743eb575cdba2251225ca54bb3a28624969320d4987f7aeafb4242b7d0c1d3,https://eaai-com-ui-production.up.railway.app/api/journal/shared/S1b1128fe7/517?sig=c3bd44a14384402f661e599b6897df6ded5bcbeafe4d58fa2f386628640ce605,https://eaai-com-ui-production.up.railway.app/api/journal/shared/S1b1128fe7/593?sig=7a4eada0e16b31770dc94b3fc1c90a78e4d0cab1917a330d304c918c65b2884f
STUDENT_085,9,9,9,9,9,https://eaai-com-ui-production.up.railway.app/api/journal/shared/Se2602580d/184?sig=8d5e48c6ad3dba0b51d89861c3d7b4b61579c2f5d29b2cae584d53a96970d4db,https://eaai-com-ui-production.up.railway.app/api/journal/shared/Se2602580d/311?sig=f1f011949d8769c04621e72568c60839ab19e22424cf747eb8eb82e871b6a536,https://eaai-com-ui-production.up.railway.app/api/journal/shared/Se2602580d/453?sig=66c84a5f9283a51d4f99cee100ddeedecc4cd88c8722c0b41edfc4675b096aad,https://eaai-com-ui-production.up.railway.app/api/journal/shared/Se2602580d/540?sig=0a2d6f2b8f2ed7756ded9dc2b572361afcd2a240b1cb5d83c76898c7ca984615,https://eaai-com-ui-production.up.railway.app/api/journal/shared/Se2602580d/685?sig=d801ea2e208d19878f579980aee3a797b40c2df0b1348ee5feef40d21c796e8b
STUDENT_087,10,10,10,10,8,https://eaai-com-ui-production.up.railway.app/api/journal/shared/Sc39ea13e2/127?sig=795b5aaf3f81dc5a04934672b77313185e6172f111441e2e7e3b6ad2ba41a4d2,https://eaai-com-ui-production.up.railway.app/api/journal/shared/Sc39ea13e2/247?sig=3b51416704603072d26e11bfac1a47fa4a22d5906a57d67690388ad08e4fdd2d,https://eaai-com-ui-production.up.railway.app/api/journal/shared/Sc39ea13e2/382?sig=1577bce4ff5b88e46a5c16034513901ebf6faf599193fc24014aff2c99046039,https://eaai-com-ui-production.up.railway.app/api/journal/shared/Sc39ea13e2/468?sig=4e874a7ab829b9542a7cf623b545ff4a0a476a95929beb5ed0fb3fd145af868e,https://eaai-com-ui-production.up.railway.app/api/journal/shared/Sc39ea13e2/596?sig=987cf2a13c5a000e5903ca780e455909bb84d1ad3d74a50d7b224769d4f203e5
STUDENT_088,9,9,9,9,9.5,https://eaai-com-ui-production.up.railway.app/api/journal/shared/S0c23acf35/213?sig=16d22a37878f7c026b7a86ffb9cce0e842be87dcfef8f57913e14c533fd39753,https://eaai-com-ui-production.up.railway.app/api/journal/shared/S0c23acf35/320?sig=063374b7b0e7880dda77b6f4a9d73e50e93785103945d60d560074f4062c042b,https://eaai-com-ui-production.up.railway.app/api/journal/shared/S0c23acf35/419?sig=3c7434c78406fdbd167010629fad0b6dd0cff94391fca4e668e7e7836c103143,https://eaai-com-ui-production.up.railway.app/api/journal/shared/S0c23acf35/550?sig=4262b0dfe7424f7acd86aa57e3e0ab9e8e7fd7526b42860bc967fb1031a432bf,https://eaai-com-ui-production.up.railway.app/api/journal/shared/S0c23acf35/666?sig=65208c581541d1251475c3bddf1c896580cc01be60833e2718a36df75d587284
STUDENT_089,10,10,10,10,9,https://eaai-com-ui-production.up.railway.app/api/journal/shared/S8d7d45748/179?sig=6e5e25e32908af6e5a2d18821862a83bb97bb999a72a789930a91770191c6a0c,https://eaai-com-ui-production.up.railway.app/api/journal/shared/S8d7d45748/308?sig=4dcdd0b1d118444797feb57ff7e001dd4e4ebae1402d3ef6f91c3e8ca7b79f7b,https://eaai-com-ui-production.up.railway.app/api/journal/shared/S8d7d45748/447?sig=90fc246c1c0dea40ffd3e747dcdfbc594683c7757da60283bcc07bc70c5b7948,https://eaai-com-ui-production.up.railway.app/api/journal/shared/S8d7d45748/529?sig=22eb9f708797c1178a0bd615cd83e80064b3ed3bb904004ed89a11f932ed1a30,https://eaai-com-ui-production.up.railway.app/api/journal/shared/S8d7d45748/664?sig=7c5824fba4161c0d2b643c83c1d64be5c4ff686c83cacb3f8495e40e970877f0
STUDENT_090,9,9,9,9,9,https://eaai-com-ui-production.up.railway.app/api/journal/shared/S3e148a894/79?sig=41a0f3144354cfb8e2c36733fe8ef5f96d0528918f3b269eeb3d468c500f203b,https://eaai-com-ui-production.up.railway.app/api/journal/shared/S3e148a894/306?sig=6dd35768a41a9dec0089f280ce998247ea933ca569fbac5ab248b088572bc43d,https://eaai-com-ui-production.up.railway.app/api/journal/shared/S3e148a894/362?sig=4b0ead4c00176dea4d932aae01b9802a2bcce9c48a1a907374cae8b0cddb467a,https://eaai-com-ui-production.up.railway.app/api/journal/shared/S3e148a894/522?sig=c2d34ce42e1b1cff840ecd3f15026761654f50d62ea061c3778ab37edbf390e6,https://eaai-com-ui-production.up.railway.app/api/journal/shared/S3e148a894/630?sig=6e124bc80c1925cbd1dd9ef6a97dc533e4622e6ccf95a18b3be069bb87191f81
STUDENT_091,9,9,9,9,9,https://eaai-com-ui-production.up.railway.app/api/journal/shared/S2599ca4f9/128?sig=d64a65e66c4baf7ef2495147adc5bedf6e91efe745801f00ade201591134159d,https://eaai-com-ui-production.up.railway.app/api/journal/shared/S2599ca4f9/260?sig=d2061dba72fd4fc74e630d80e746fbdd780c7099a59777761c0ea360bad762e1,https://eaai-com-ui-production.up.railway.app/api/journal/shared/S2599ca4f9/446?sig=fd43e1841ce50abffc6251b839d3cdad71bae9f69827085d13b1f9de487625be,https://eaai-com-ui-production.up.railway.app/api/journal/shared/S2599ca4f9/481?sig=a8b01d6093191caf2d3ab7113c5b98caa26e93c70d112f52e7715a54876c5955,https://eaai-com-ui-production.up.railway.app/api/journal/shared/S2599ca4f9/702?sig=f05fe0acb5d1e439f1ee78f911ac09ab70db1724c5dac48a4feb5e2109813732
STUDENT_092,8.5,10,9,9,9,https://eaai-com-ui-production.up.railway.app/api/journal/shared/S85d801b07/153?sig=c34f5679b0c54564e0e9db2c434fde57029f3b5f140349c8291776eddceed9ef,https://eaai-com-ui-production.up.railway.app/api/journal/shared/S85d801b07/313?sig=29f0b28ae3fe99de45193708a7b9b41fe895435936cc7999b0d09b0ae7b0f7ef,https://eaai-com-ui-production.up.railway.app/api/journal/shared/S85d801b07/399?sig=7952bc7af4f31f26b9f6bfe7cc975d93370cd9335d5a20e7914bf39afe48bfc0,https://eaai-com-ui-production.up.railway.app/api/journal/shared/S85d801b07/492?sig=694ab027cddbc5827e71361627eda9931cc266787aa7cbd6c35002a15b3af3db,https://eaai-com-ui-production.up.railway.app/api/journal/shared/S85d801b07/622?sig=81fbcadc53fcd2269d4fcc623e79a2ac16bae8df581823802fe04f41a66ae98a
STUDENT_093,8,8,8.5,8,8.75,https://eaai-com-ui-production.up.railway.app/api/journal/shared/S2fcd36fa3/222?sig=03a0da22693b88d82d5d5bf58a65b92e8c1a4c729b5f7f9ffb9d2def0ff83927,https://eaai-com-ui-production.up.railway.app/api/journal/shared/S2fcd36fa3/344?sig=c512d6466e00cb092c983bfd0fbaa4437386b22872266a5df436f38c53582d26,https://eaai-com-ui-production.up.railway.app/api/journal/shared/S2fcd36fa3/420?sig=219406cf5a71148b318e64543dc67b2362de855aff3d626dbe4382fcd2f4769d,https://eaai-com-ui-production.up.railway.app/api/journal/shared/S2fcd36fa3/583?sig=ec5ce059283159d0e1b4b1e771144ae219d104bd973c77d6c9657922a6deee9a,https://eaai-com-ui-production.up.railway.app/api/journal/shared/S2fcd36fa3/674?sig=38a77d519487d36c0264710768d9862ff4458e351327415fd0c4eec423a97e83
STUDENT_094,8,9,9,9.5,10,https://eaai-com-ui-production.up.railway.app/api/journal/shared/S18d362086/177?sig=e275b62147c3467c7e272f6b4ce03850cc3f802ff2d1ef8b7fb9ef379ddd2796,https://eaai-com-ui-production.up.railway.app/api/journal/shared/S18d362086/284?sig=4a3f2a1130fdfd79cc380903eb2d72f8efe990fdfef0d66fda2872616d00628e,https://eaai-com-ui-production.up.railway.app/api/journal/shared/S18d362086/465?sig=11afa3d9f586dcd6aaec64ea93ffb49e430f2c77f79b8590db00c2a3ac19d57c,https://eaai-com-ui-production.up.railway.app/api/journal/shared/S18d362086/534?sig=5249e4e05ecb3e252ba4c7a0fec5af607705cadac9727beff554d3fa1405059a,https://eaai-com-ui-production.up.railway.app/api/journal/shared/S18d362086/708?sig=9296a9c050949fbc86bb277d72edf6f5fb40d926f030d5e711fb91ace565f769
STUDENT_095,10,10,9,9,9.5,https://eaai-com-ui-production.up.railway.app/api/journal/shared/Sf71208fa9/190?sig=a6c443b058ad5520a4dfb666768de93453403379f30880816ccbd279de78615b,https://eaai-com-ui-production.up.railway.app/api/journal/shared/Sf71208fa9/263?sig=dfd11edec712d2f2cc9371040074b82a52479abdf8eeb81896ef46963021c050,https://eaai-com-ui-production.up.railway.app/api/journal/shared/Sf71208fa9/417?sig=77f38e1b739a4304de7980cad4a66b14c3c88b7804ba1a9c4d57ebc737a43f8b,https://eaai-com-ui-production.up.railway.app/api/journal/shared/Sf71208fa9/563?sig=368525996cc101167f9d9f80268b7fa297a2e1676edf93bdd91273b4bf4124e6,https://eaai-com-ui-production.up.railway.app/api/journal/shared/Sf71208fa9/642?sig=3325a26494f8ca6c75aad588cddf403bb41a5800ad6a1b151ee8b85875fc99db
STUDENT_096,10,10,10,10,10,https://eaai-com-ui-production.up.railway.app/api/journal/shared/S72a15951a/178?sig=82a1be38e61e1116df425d9bfea3f0bb848a52bc6a5ff7a5d3331dce74844a1d,https://eaai-com-ui-production.up.railway.app/api/journal/shared/S72a15951a/309?sig=313a10d8d932479a7e8978f69387b123ae09a448f29c8786b8882a858fb7b6b8,https://eaai-com-ui-production.up.railway.app/api/journal/shared/S72a15951a/428?sig=29516e2795b118ca62d620b501e73fb92b7811d3b67f53ded989f21ffc9c2739,https://eaai-com-ui-production.up.railway.app/api/journal/shared/S72a15951a/547?sig=7fc85df1d198cd05dce683ca4716b6094e3f3754a2128344897e5150570e934b,https://eaai-com-ui-production.up.railway.app/api/journal/shared/S72a15951a/706?sig=e07657410fc4e23208b81f8fc2125bce8ca22f1bc70274d54b1cace58e75c7ac
STUDENT_097,8.5,8.5,8.5,8.5,8.5,https://eaai-com-ui-production.up.railway.app/api/journal/shared/S53a1880b3/148?sig=b792e0ea4fc950d46845d2807a6ef166c80b53caa05b7464d0bd6b1f91a56eee,https://eaai-com-ui-production.up.railway.app/api/journal/shared/S53a1880b3/307?sig=c4c4e0f2c1e60f29246df880ee81e9f77763de66d5cee771bc90f628450f9b58,https://eaai-com-ui-production.up.railway.app/api/journal/shared/S53a1880b3/454?sig=c285e70e81d1e1d8df4f55086884443736118e55c1ba77dba08d38ec28244a74,https://eaai-com-ui-production.up.railway.app/api/journal/shared/S53a1880b3/573?sig=a03058a7f8ed98157f5431631ff5b54280288884113cb10daca9b47f24add358,https://eaai-com-ui-production.up.railway.app/api/journal/shared/S53a1880b3/641?sig=b1eb0124f852b2be27000edad8c202b3bc93d2729688da1e22d4c9ca5c04bbe9
STUDENT_098,10,10,10,10,9.5,https://eaai-com-ui-production.up.railway.app/api/journal/shared/Sba725203d/137?sig=f527c6035e6a1d13508a33b2763629abd4b51e3aad12a24ef57f3330fc135f73,https://eaai-com-ui-production.up.railway.app/api/journal/shared/Sba725203d/300?sig=da3278d3a7ba9455a2fd38881b89be3aa0b218251ff365d59803eff06d6cdd04,https://eaai-com-ui-production.up.railway.app/api/journal/shared/Sba725203d/414?sig=966eba3d3fa958a0c2f7f7de28ba2d9a856a15c60051a346eb7f2e8bf43e214b,https://eaai-com-ui-production.up.railway.app/api/journal/shared/Sba725203d/490?sig=922e3f964e6e14b01f3d903754739f142d4ded3adb39355d5cf1c39c289f2e34,https://eaai-com-ui-production.up.railway.app/api/journal/shared/Sba725203d/631?sig=2af4d24f72c0e9a924aae8fbf955abe794f8d1ad1f118711ee7ff9f2ef9dd274
STUDENT_099,8,9,9,9.5,9.5,,https://eaai-com-ui-production.up.railway.app/api/journal/shared/Sd5539a0c2/332?sig=70c823cfce024487f51efae0bb6ca5f087e80fe5e333ceb34ef665825617d149,https://eaai-com-ui-production.up.railway.app/api/journal/shared/Sd5539a0c2/444?sig=796959c7d62723531b6d6909f33fa70d4b4798ea1407022fac10437f74835225,https://eaai-com-ui-production.up.railway.app/api/journal/shared/Sd5539a0c2/494?sig=8a7a9c7ffa17168558145e4e63c962313338a172b408665ac99c6abb8eaef1a2,https://eaai-com-ui-production.up.railway.app/api/journal/shared/Sd5539a0c2/679?sig=42d08a41925cbd90511dd68b14829c90a85c6480f4a65183ae4d3a9966c87380
STUDENT_100,9,9,9,9,9,https://eaai-com-ui-production.up.railway.app/api/journal/shared/Seceda27ba/149?sig=dc13f87184ae15381df35b18c81e1490fad3ba609e596f7fd3b25d98d4ede908,https://eaai-com-ui-production.up.railway.app/api/journal/shared/Seceda27ba/325?sig=f2fbdc24767e5a12cf0158f796d251dd03e33fa6113a0c86b68eb3fd7cb3ad19,https://eaai-com-ui-production.up.railway.app/api/journal/shared/Seceda27ba/412?sig=146286b9c7566fcab7d78cfeeaae0fb57a4f0c30ee3ffbb8ee6d115d8d21b823,https://eaai-com-ui-production.up.railway.app/api/journal/shared/Seceda27ba/567?sig=aa7bf32dd10add136af5b820f231bf4d45ee50d06d0bb4fcddb02ac9d666c0bd,https://eaai-com-ui-production.up.railway.app/api/journal/shared/Seceda27ba/689?sig=9b48084396c8cc8f95499b909f8a39f8211dc6163255775e358cb3f0d1901e08
STUDENT_101,9,8.75,8.5,8,9,https://eaai-com-ui-production.up.railway.app/api/journal/shared/S9fc676933/159?sig=8502910010f74a036828320b2f85bb4924b28791cc0c50e63595a8fb0a8fad91,https://eaai-com-ui-production.up.railway.app/api/journal/shared/S9fc676933/326?sig=c140c49c6a59f7c7b30b1223d1800ab258ab8df8c6b7cd62b6713f087a490299,https://eaai-com-ui-production.up.railway.app/api/journal/shared/S9fc676933/388?sig=5c04af2026c8c26dc57f66e8040ec7939c8ce10df7cb12c74a4e479d0c511215,https://eaai-com-ui-production.up.railway.app/api/journal/shared/S9fc676933/539?sig=b3d0cd4d2d73c91f8e8bcab27accc546c0b094c37fb3ce93a09839f8b4f9c016,https://eaai-com-ui-production.up.railway.app/api/journal/shared/S9fc676933/654?sig=0796f705df16d4ab4f9cbc1a0b09f815f03f883e12f75e105b50cd7bc5d95377
STUDENT_102,8,9,9,9.5,10,https://eaai-com-ui-production.up.railway.app/api/journal/shared/S283f3a4eb/139?sig=12483c85d666ef1d3862378e24749f00f0526a9b09dd7e15342bc737c1b8af40,https://eaai-com-ui-production.up.railway.app/api/journal/shared/S283f3a4eb/358?sig=cd0df4720a79b0da3daec7f4049e1e387e9441dbe385ae33f37ce3af3f37bca2,https://eaai-com-ui-production.up.railway.app/api/journal/shared/S283f3a4eb/413?sig=00b55f6b00fad132a5ced5099306f58543c92809c479190e4b82e902f53fb91f,https://eaai-com-ui-production.up.railway.app/api/journal/shared/S283f3a4eb/549?sig=380cd3ea5b8a210268a1bef1e7c86c2c9113c5011286eab37c86bd56daffd9f3,https://eaai-com-ui-production.up.railway.app/api/journal/shared/S283f3a4eb/625?sig=f9d371a32cf1cca19632b526a588411d4ef0ccd8ba44f030faeac689e8fba438
STUDENT_103,10,10,10,10,9,https://eaai-com-ui-production.up.railway.app/api/journal/shared/Sb81a23032/209?sig=45d2987fbe1a68b9c82f4070fb6c13bc98b560f23282bb0c450305f2a3512000,https://eaai-com-ui-production.up.railway.app/api/journal/shared/Sb81a23032/317?sig=4e2761c94bdd05d9fb1fb32eff148940d17f2ed222d60c03f6d5ed076ab92669,https://eaai-com-ui-production.up.railway.app/api/journal/shared/Sb81a23032/393?sig=96e5893b535728d65d4857b7992cb31ff66df106ad58e2a986cc5b652e2b0c71,https://eaai-com-ui-production.up.railway.app/api/journal/shared/Sb81a23032/558?sig=fa5d2ae6da65d45a9fcae4469010a245942432124c6d84a3b02f9b0fd6a510fe,https://eaai-com-ui-production.up.railway.app/api/journal/shared/Sb81a23032/609?sig=da94fa4b49ad8cca7f913e3d2c048e91f2b3b97435d55ab7eb6bd232760482e2
STUDENT_105,5,9,8.5,9,9,https://eaai-com-ui-production.up.railway.app/api/journal/shared/S116e53611/138?sig=5d4a99a4fdb587131595df701bfcffeaec38cbfed6ddca2364885beaa2994c3d,https://eaai-com-ui-production.up.railway.app/api/journal/shared/S116e53611/244?sig=55a45650d3de0552770b400b7c4a56dff17a330f0a996c4c0d2007733236c90a,https://eaai-com-ui-production.up.railway.app/api/journal/shared/S116e53611/371?sig=ab6e39f6ba3c6f6039f640854171a0c59649876305def4a3f674502faf954d58,https://eaai-com-ui-production.up.railway.app/api/journal/shared/S116e53611/525?sig=71bc5f3716f7b2ecbdaea4a041da6cea82c2fc163db23ca8e3f9b4f3442d2b8d,https://eaai-com-ui-production.up.railway.app/api/journal/shared/S116e53611/635?sig=09ca4140abab7107d41a66aff539f8a1de0004b8485ec1a5c3a9877f9a1c4beb
STUDENT_106,9,9,10,10,9.5,https://eaai-com-ui-production.up.railway.app/api/journal/shared/S62aa15b12/193?sig=5be5ade3409a519887c4a8d1016dd7ea300b07d67cd63d04cb22b0f60cd13e0a,https://eaai-com-ui-production.up.railway.app/api/journal/shared/S62aa15b12/271?sig=2debece4f3a3a143b0a2087777f69283ebbd163566de0753f31cde88f42c189f,https://eaai-com-ui-production.up.railway.app/api/journal/shared/S62aa15b12/395?sig=b8120e73416e0d35bd0d765e7545f043daa3a5c4381b485eb91265f19aac8bbd,https://eaai-com-ui-production.up.railway.app/api/journal/shared/S62aa15b12/503?sig=c34e41d58f1bd129e491263163056176b71b2fb5ff0c7d18dd32292b9f220ad7,https://eaai-com-ui-production.up.railway.app/api/journal/shared/S62aa15b12/662?sig=c20f53d0e64cea4cbda04d15b78939569dbfea4107dc4e97253e294213c03586
STUDENT_107,9,9,9,9,9,https://eaai-com-ui-production.up.railway.app/api/journal/shared/S9d42a14b9/226?sig=da4906a77a483b1a696e9055c952e1b2de4a38a049afd72e6fa8f2b2e6be6a91,https://eaai-com-ui-production.up.railway.app/api/journal/shared/S9d42a14b9/277?sig=7ee9d2461d2c050148178df890da622d89c54c0e0620e77127741a5f882ffef7,https://eaai-com-ui-production.up.railway.app/api/journal/shared/S9d42a14b9/442?sig=d90278df889c372202d8dfa59d479d77b74c8731516935e72037d5163537a9d4,https://eaai-com-ui-production.up.railway.app/api/journal/shared/S9d42a14b9/472?sig=5b16f71c49ef61c827514e438cd5a5b1c26c899d59b3506040b355f0dc7038e1,https://eaai-com-ui-production.up.railway.app/api/journal/shared/S9d42a14b9/643?sig=c648049a5ba9354956641f47f11391975b7529137667f0fbfad8e47ffc10a241
STUDENT_108,8.5,8.75,8.75,9,9.5,https://eaai-com-ui-production.up.railway.app/api/journal/shared/S06cc880cb/120?sig=9861a24d3e77545b530932f3b26954cc5db620e0b5c11d4bd3af172c884fbf1e,https://eaai-com-ui-production.up.railway.app/api/journal/shared/S06cc880cb/280?sig=8db8c7e9ede81a547e8553e36993ea7912bcb040a64100833751d0b42670bf25,https://eaai-com-ui-production.up.railway.app/api/journal/shared/S06cc880cb/372?sig=8dbd461505e2c54f7a6e8eb532e901b2ee3b1ef36f7ff8a157ae42bd5ada3f43,https://eaai-com-ui-production.up.railway.app/api/journal/shared/S06cc880cb/489?sig=a41211cce79c7af9c148d29df709a8bd427d8f32bf4e70b927a846263817bf7f,https://eaai-com-ui-production.up.railway.app/api/journal/shared/S06cc880cb/594?sig=5a07beb454b2d46916854c823d38c0f4fd71e717a0de8ff1afc29e1caeb623d1
STUDENT_109,10,10,10,10,8,https://eaai-com-ui-production.up.railway.app/api/journal/shared/S50cc8524b/189?sig=2f4acc43982b764b7d2042ef2df8792acdb908820fe8215e2c1ab123346d0708,https://eaai-com-ui-production.up.railway.app/api/journal/shared/S50cc8524b/297?sig=13f65a6d2d1f392182b29e560b44c62f8b3e60b25d18ef611a8627230fad66fb,https://eaai-com-ui-production.up.railway.app/api/journal/shared/S50cc8524b/387?sig=b29f55bdcb38d7b6ff4631d91db128685eb94ac8f27e90c4c4e2bd94295136be,https://eaai-com-ui-production.up.railway.app/api/journal/shared/S50cc8524b/536?sig=7608001341020aa852aede3c659fb336a192f74c14eae3fd7530a361d5eebda6,https://eaai-com-ui-production.up.railway.app/api/journal/shared/S50cc8524b/720?sig=25d145e383eaa9b3a6ed847a1e1b363726e939fb3bc8d668e9968cb3078d8082
STUDENT_111,5,5,5,5,8,https://eaai-com-ui-production.up.railway.app/api/journal/shared/S64f80e9a0/133?sig=6cdab81b3a84dcb909034c58e708fae937845fb20696cbf0574ed3799b50b656,https://eaai-com-ui-production.up.railway.app/api/journal/shared/S64f80e9a0/312?sig=dc37afaae811f4f3d71b175a8d8037671f134fef40157ea7bb6fc7aef9bdbee5,https://eaai-com-ui-production.up.railway.app/api/journal/shared/S64f80e9a0/411?sig=5b160680daa0e4f4d6a671420472a4d05148c17b078560dbb53d10d2615d3fb1,https://eaai-com-ui-production.up.railway.app/api/journal/shared/S64f80e9a0/516?sig=ad0ffd91b9736e5ac52493b2e35b3ca346f726e6ece49c6976d0fc41d5eaddbe,https://eaai-com-ui-production.up.railway.app/api/journal/shared/S64f80e9a0/602?sig=a790c6ac7ed594b6e5aa5207c26f44838680cf7d9e1c6f34baac64c4629e1cde
STUDENT_112,9,9,10,10,9,https://eaai-com-ui-production.up.railway.app/api/journal/shared/Sb7d0a4f86/182?sig=41a8988cd25240a34cedd3c8a09162ddabe21c9c1ee4834959b09851f6f136a3,https://eaai-com-ui-production.up.railway.app/api/journal/shared/Sb7d0a4f86/354?sig=5204596d1f56133c39fdd9aeb12ccd8659818e40a4c3ca727b332d6c4ffdeb7f,https://eaai-com-ui-production.up.railway.app/api/journal/shared/Sb7d0a4f86/389?sig=0d5b5de954751eccf4ad8dfd7ee8cd9b1b1dcea2a13429a41fd7a6d3a6cebbd6,https://eaai-com-ui-production.up.railway.app/api/journal/shared/Sb7d0a4f86/502?sig=94bee5b8a2d253cc2be7431782b5668e9fc21ebd1b20fd13f5b67ef07394185f,https://eaai-com-ui-production.up.railway.app/api/journal/shared/Sb7d0a4f86/659?sig=3ea9a1d97e938ed24a1e75f4095a521e71ef3994cce9565d85949247eb2d11e7
STUDENT_113,8.5,8,8,8.5,9,https://eaai-com-ui-production.up.railway.app/api/journal/shared/S813d31c23/195?sig=0ce1e84b21ccbe02f3c69b7797c75105b68893a5f6352827b04c0d8b78276b38,https://eaai-com-ui-production.up.railway.app/api/journal/shared/S813d31c23/266?sig=cdb35569cd2a07b08afc0cf89d4d83d1c3f4028d93e1b7cf4dee203d2aecb3cc,https://eaai-com-ui-production.up.railway.app/api/journal/shared/S813d31c23/426?sig=63127538d706eef2c3739e4c518e639d3345b00b7a631099d96d92c73e9e35f9,https://eaai-com-ui-production.up.railway.app/api/journal/shared/S813d31c23/574?sig=2c1bce88e50f895552a850ef99794709d2025a65847a746ad2a08e76d0e56d89,https://eaai-com-ui-production.up.railway.app/api/journal/shared/S813d31c23/650?sig=f7060cbf0437017eef9fb0f55977d83e268f9a7f58d6b0ae5b90fb3b1bfc8628
STUDENT_114,10,10,10,9,8.5,https://eaai-com-ui-production.up.railway.app/api/journal/shared/Scf0423cde/181?sig=9269079b5560e504e6816df7ebb26bf59892cd119b65d269f61d9dbedeea93ff,https://eaai-com-ui-production.up.railway.app/api/journal/shared/Scf0423cde/262?sig=935989213c33ca07186e0165554e8d67e479a90ddec2a2bc5f1cb0a144b137e0,https://eaai-com-ui-production.up.railway.app/api/journal/shared/Scf0423cde/409?sig=eeb5f1dee22013f886e66cd84451852a2bb0a5377428e98349d7177e76a823a4,https://eaai-com-ui-production.up.railway.app/api/journal/shared/Scf0423cde/506?sig=b341062a8dfcb5410b3f48229976293135dcda1598e14c6da870ce0427eedad7,https://eaai-com-ui-production.up.railway.app/api/journal/shared/Scf0423cde/634?sig=e7ec445e3cfe596a7938ffe5cece2b8785fae3fc2f09201ad79a8b7b532a4fe8
STUDENT_115,0,0,0,0,0,,,,,
STUDENT_116,10,8,10,10,9,https://eaai-com-ui-production.up.railway.app/api/journal/shared/Sa7b3b0e24/78?sig=5a5da7623bfef27bb3ba82d849e38e7c167c4d6e7f9a882fda4e54a42e93500d,https://eaai-com-ui-production.up.railway.app/api/journal/shared/Sa7b3b0e24/250?sig=ef50904077c56d43ee88650da2724428e470d5ef68fcdc2844557513c5f277bb,https://eaai-com-ui-production.up.railway.app/api/journal/shared/Sa7b3b0e24/377?sig=a8ec9f7557fc0b1b7af4b4eff8aecf2f1dc520ea7e1b55b3f916252b26741564,https://eaai-com-ui-production.up.railway.app/api/journal/shared/Sa7b3b0e24/553?sig=b2d1df3e6c316271b8ea786840f19b87ddc2efd2865d6290dc12cd3369c252b3,https://eaai-com-ui-production.up.railway.app/api/journal/shared/Sa7b3b0e24/645?sig=5f90d5337be83dbe2f1c10bbab3b61c63ce276cfd619538f7cb1e0f109ca2897
